51.800000000 -0.023945 0.986859 0.000000 0.000000 0.000000 -0.000460 1.000000
51.850000000 -0.023945 0.986859 0.000000 0.000000 0.000000 -0.000460 1.000000
51.900000000 -0.023945 0.986859 0.000000 0.000000 0.000000 -0.000460 1.000000
51.950000000 -0.023945 0.986859 0.000000 0.000000 0.000000 -0.000460 1.000000
52.000000000 -0.023945 0.986859 0.000000 0.000000 0.000000 -0.000460 1.000000
52.051000000 -0.023945 0.986859 0.000000 0.000000 0.000000 -0.000460 1.000000
52.100000000 -0.023945 0.986859 0.000000 0.000000 0.000000 -0.000460 1.000000
52.150000000 -0.023945 0.986859 0.000000 0.000000 0.000000 -0.000460 1.000000
52.200000000 -0.023945 0.986859 0.000000 0.000000 0.000000 -0.000460 1.000000
52.250000000 -0.023945 0.986859 0.000000 0.000000 0.000000 -0.000460 1.000000
52.300000000 -0.023945 0.986859 0.000000 0.000000 0.000000 -0.000460 1.000000
52.350000000 -0.023945 0.986859 0.000000 0.000000 0.000000 -0.000460 1.000000
52.400000000 -0.023945 0.986859 0.000000 0.000000 0.000000 -0.000460 1.000000
52.450000000 -0.023945 0.986859 0.000000 0.000000 0.000000 -0.000460 1.000000
52.500000000 -0.023945 0.986859 0.000000 0.000000 0.000000 -0.000460 1.000000
52.550000000 -0.023945 0.986859 0.000000 0.000000 0.000000 -0.000460 1.000000
52.600000000 -0.023945 0.986859 0.000000 0.000000 0.000000 -0.000460 1.000000
52.650000000 -0.023945 0.986859 0.000000 0.000000 0.000000 -0.000460 1.000000
52.700000000 -0.023945 0.986859 0.000000 0.000000 0.000000 -0.000460 1.000000
52.750000000 -0.023945 0.986859 0.000000 0.000000 0.000000 -0.000460 1.000000
52.800000000 -0.023945 0.986859 0.000000 0.000000 0.000000 -0.000460 1.000000
52.850000000 -0.023945 0.986859 0.000000 0.000000 0.000000 -0.000460 1.000000
52.900000000 -0.023945 0.986859 0.000000 0.000000 0.000000 -0.000460 1.000000
52.950000000 -0.023945 0.986859 0.000000 0.000000 0.000000 -0.000460 1.000000
53.000000000 -0.023945 0.986859 0.000000 0.000000 0.000000 -0.000460 1.000000
53.050000000 -0.023945 0.986859 0.000000 0.000000 0.000000 -0.000460 1.000000
53.100000000 -0.023945 0.986859 0.000000 0.000000 0.000000 -0.000460 1.000000
53.150000000 -0.023945 0.986859 0.000000 0.000000 0.000000 -0.000460 1.000000
53.200000000 -0.023945 0.986859 0.000000 0.000000 0.000000 -0.000460 1.000000
53.250000000 -0.023945 0.986859 0.000000 0.000000 0.000000 -0.000460 1.000000
53.300000000 -0.023945 0.986859 0.000000 0.000000 0.000000 -0.000460 1.000000
53.350000000 -0.023945 0.986859 0.000000 0.000000 0.000000 -0.000460 1.000000
53.400000000 -0.023945 0.986859 0.000000 0.000000 0.000000 -0.000460 1.000000
53.450000000 -0.023945 0.986859 0.000000 0.000000 0.000000 -0.000460 1.000000
53.500000000 -0.023945 0.986859 0.000000 0.000000 0.000000 -0.000460 1.000000
53.550000000 -0.023945 0.986859 0.000000 0.000000 0.000000 -0.000460 1.000000
53.600000000 -0.023945 0.986859 0.000000 0.000000 0.000000 -0.000460 1.000000
53.650000000 -0.023945 0.986859 0.000000 0.000000 0.000000 -0.000460 1.000000
53.700000000 -0.023945 0.986859 0.000000 0.000000 0.000000 -0.000460 1.000000
53.750000000 -0.023945 0.986859 0.000000 0.000000 0.000000 -0.000460 1.000000
53.800000000 -0.023945 0.986859 0.000000 0.000000 0.000000 -0.000460 1.000000
53.850000000 -0.023945 0.986859 0.000000 0.000000 0.000000 -0.000460 1.000000
53.900000000 -0.023945 0.986859 0.000000 0.000000 0.000000 -0.000460 1.000000
53.950000000 -0.023945 0.986859 0.000000 0.000000 0.000000 -0.000460 1.000000
54.000000000 -0.023945 0.986859 0.000000 0.000000 0.000000 -0.000460 1.000000
54.050000000 -0.023945 0.986859 0.000000 0.000000 0.000000 -0.000460 1.000000
54.100000000 -0.023945 0.986859 0.000000 0.000000 0.000000 -0.000460 1.000000
54.150000000 -0.023945 0.986859 0.000000 0.000000 0.000000 -0.000460 1.000000
54.200000000 -0.023945 0.986859 0.000000 0.000000 0.000000 -0.000460 1.000000
54.250000000 -0.023945 0.986859 0.000000 0.000000 0.000000 -0.000460 1.000000
54.300000000 -0.023945 0.986859 0.000000 0.000000 0.000000 -0.000460 1.000000
54.350000000 -0.023945 0.986859 0.000000 0.000000 0.000000 -0.000460 1.000000
54.400000000 -0.023945 0.986859 0.000000 0.000000 0.000000 -0.000460 1.000000
54.450000000 -0.023945 0.986859 0.000000 0.000000 0.000000 -0.000460 1.000000
54.500000000 -0.023945 0.986859 0.000000 0.000000 0.000000 -0.000460 1.000000
54.550000000 -0.023945 0.986859 0.000000 0.000000 0.000000 -0.000460 1.000000
54.600000000 -0.023945 0.986859 0.000000 0.000000 0.000000 -0.000460 1.000000
54.650000000 -0.023945 0.986859 0.000000 0.000000 0.000000 -0.000460 1.000000
54.700000000 -0.023945 0.986859 0.000000 0.000000 0.000000 -0.000460 1.000000
54.750000000 -0.023945 0.986859 0.000000 0.000000 0.000000 -0.000460 1.000000
54.800000000 -0.023945 0.986859 0.000000 0.000000 0.000000 -0.000460 1.000000
54.850000000 -0.023945 0.986859 0.000000 0.000000 0.000000 -0.000460 1.000000
54.900000000 -0.023945 0.986859 0.000000 0.000000 0.000000 -0.000460 1.000000
54.950000000 -0.023945 0.986859 0.000000 0.000000 0.000000 -0.000460 1.000000
55.000000000 -0.023945 0.986859 0.000000 0.000000 0.000000 -0.000460 1.000000
55.050000000 -0.023945 0.986859 0.000000 0.000000 0.000000 -0.000460 1.000000
55.100000000 -0.023945 0.986859 0.000000 0.000000 0.000000 -0.000460 1.000000
55.150000000 -0.023945 0.986859 0.000000 0.000000 0.000000 -0.000460 1.000000
55.200000000 -0.023945 0.986859 0.000000 0.000000 0.000000 -0.000460 1.000000
55.250000000 -0.023945 0.986859 0.000000 0.000000 0.000000 -0.000460 1.000000
55.300000000 -0.023945 0.986859 0.000000 0.000000 0.000000 -0.000460 1.000000
55.350000000 -0.023945 0.986859 0.000000 0.000000 0.000000 -0.000460 1.000000
55.400000000 -0.023945 0.986859 0.000000 0.000000 0.000000 -0.000460 1.000000
55.450000000 -0.023945 0.986859 0.000000 0.000000 0.000000 -0.000460 1.000000
55.500000000 -0.023945 0.986859 0.000000 0.000000 0.000000 -0.000460 1.000000
55.550000000 -0.023945 0.986859 0.000000 0.000000 0.000000 -0.000460 1.000000
55.600000000 -0.023945 0.986859 0.000000 0.000000 0.000000 -0.000460 1.000000
55.650000000 -0.022960 0.987367 0.000000 0.000000 0.000000 0.000032 1.000000
55.700000000 -0.017763 0.987384 0.000000 0.000000 0.000000 -0.000474 1.000000
55.750000000 -0.009420 0.989964 0.000000 0.000000 0.000000 -0.000252 1.000000
55.800000000 0.002605 0.989976 0.000000 0.000000 0.000000 -0.001919 0.999998
55.853000000 0.014269 0.987703 0.000000 0.000000 0.000000 -0.002110 0.999998
55.900000000 0.028182 0.985340 0.000000 0.000000 0.000000 -0.000852 1.000000
55.950000000 0.041787 0.986100 0.000000 0.000000 0.000000 0.001737 0.999998
56.000000000 0.055355 0.987174 0.000000 0.000000 0.000000 0.001488 0.999999
56.050000000 0.070586 0.988114 0.000000 0.000000 0.000000 0.000851 1.000000
56.100000000 0.088109 0.988625 0.000000 0.000000 0.000000 -0.002674 0.999996
56.150000000 0.103465 0.990292 0.000000 0.000000 0.000000 -0.001209 0.999999
56.200000000 0.115965 0.992587 0.000000 0.000000 0.000000 0.005895 0.999983
56.250000000 0.125424 0.994512 0.000000 0.000000 0.000000 0.022754 0.999741
56.300000000 0.128782 0.993190 0.000000 0.000000 0.000000 0.027583 0.999620
56.350000000 0.130330 0.992133 0.000000 0.000000 0.000000 0.036557 0.999332
56.400000000 0.130214 0.989873 0.000000 0.000000 0.000000 0.037532 0.999295
56.450000000 0.129596 0.988750 0.000000 0.000000 0.000000 0.044469 0.999011
56.500000000 0.128984 0.988558 0.000000 0.000000 0.000000 0.052507 0.998621
56.550000000 0.127819 0.988480 0.000000 0.000000 0.000000 0.062047 0.998073
56.600000000 0.126798 0.989074 0.000000 0.000000 0.000000 0.068332 0.997663
56.650000000 0.125634 0.989723 0.000000 0.000000 0.000000 0.077394 0.997001
56.700000000 0.125041 0.990831 0.000000 0.000000 0.000000 0.074937 0.997188
56.750000000 0.131205 0.991836 0.000000 0.000000 0.000000 0.068025 0.997684
56.800000000 0.140729 0.988311 0.000000 0.000000 0.000000 0.067605 0.997712
56.850000000 0.151990 0.985125 0.000000 0.000000 0.000000 0.069199 0.997603
56.900000000 0.165839 0.985464 0.000000 0.000000 0.000000 0.071946 0.997409
56.950000000 0.180869 0.985722 0.000000 0.000000 0.000000 0.072120 0.997396
57.000000000 0.199622 0.987396 0.000000 0.000000 0.000000 0.069670 0.997570
57.050000000 0.217130 0.988305 0.000000 0.000000 0.000000 0.065912 0.997825
57.100000000 0.232698 0.991650 0.000000 0.000000 0.000000 0.067191 0.997740
57.150000000 0.246832 0.995372 0.000000 0.000000 0.000000 0.069206 0.997602
57.200000000 0.256645 0.993461 0.000000 0.000000 0.000000 0.072781 0.997348
57.250000000 0.267654 0.998281 0.000000 0.000000 0.000000 0.071718 0.997425
57.300000000 0.280591 1.003046 0.000000 0.000000 0.000000 0.069246 0.997600
57.350000000 0.294466 1.005058 0.000000 0.000000 0.000000 0.065826 0.997831
57.400000000 0.304521 1.009025 0.000000 0.000000 0.000000 0.070030 0.997545
57.450000000 0.311922 1.014264 0.000000 0.000000 0.000000 0.084711 0.996406
57.500000000 0.315786 1.017466 0.000000 0.000000 0.000000 0.094566 0.995519
57.550000000 0.316379 1.018149 0.000000 0.000000 0.000000 0.105026 0.994470
57.600000000 0.315831 1.017432 0.000000 0.000000 0.000000 0.109445 0.993993
57.650000000 0.316145 1.016146 0.000000 0.000000 0.000000 0.113187 0.993574
57.700000000 0.316725 1.015902 0.000000 0.000000 0.000000 0.121154 0.992634
57.750000000 0.316717 1.015540 0.000000 0.000000 0.000000 0.133281 0.991078
57.800000000 0.316285 1.015327 0.000000 0.000000 0.000000 0.138874 0.990310
57.850000000 0.315577 1.014799 0.000000 0.000000 0.000000 0.148132 0.988968
57.900000000 0.315669 1.015108 0.000000 0.000000 0.000000 0.148527 0.988908
57.950000000 0.321619 1.014715 0.000000 0.000000 0.000000 0.140813 0.990036
58.000000000 0.331206 1.015374 0.000000 0.000000 0.000000 0.138315 0.990388
58.050000000 0.343546 1.016492 0.000000 0.000000 0.000000 0.139799 0.990180
58.100000000 0.358450 1.014007 0.000000 0.000000 0.000000 0.141876 0.989884
58.150000000 0.373095 1.018824 0.000000 0.000000 0.000000 0.143723 0.989618
58.200000000 0.389395 1.023409 0.000000 0.000000 0.000000 0.142273 0.989827
58.250000000 0.408682 1.027866 0.000000 0.000000 0.000000 0.139371 0.990240
58.300000000 0.424345 1.031796 0.000000 0.000000 0.000000 0.137757 0.990466
58.350000000 0.437602 1.034942 0.000000 0.000000 0.000000 0.139354 0.990243
58.400000000 0.451473 1.040580 0.000000 0.000000 0.000000 0.141756 0.989902
58.450000000 0.462792 1.045669 0.000000 0.000000 0.000000 0.145346 0.989381
58.500000000 0.471851 1.050334 0.000000 0.000000 0.000000 0.152817 0.988255
58.550000000 0.478599 1.052661 0.000000 0.000000 0.000000 0.161177 0.986926
58.600000000 0.478259 1.048037 0.000000 0.000000 0.000000 0.166793 0.985992
58.650000000 0.478441 1.052137 0.000000 0.000000 0.000000 0.178688 0.983906
58.700000000 0.477258 1.055129 0.000000 0.000000 0.000000 0.184439 0.982844
58.750000000 0.474070 1.057703 0.000000 0.000000 0.000000 0.187529 0.982259
58.800000000 0.470317 1.060882 0.000000 0.000000 0.000000 0.183153 0.983084
58.850000000 0.472509 1.064584 0.000000 0.000000 0.000000 0.178241 0.983987
58.900000000 0.480543 1.067445 0.000000 0.000000 0.000000 0.177738 0.984078
58.950000000 0.491154 1.069955 0.000000 0.000000 0.000000 0.178414 0.983955
59.000000000 0.503363 1.073115 0.000000 0.000000 0.000000 0.180418 0.983590
59.050000000 0.515100 1.076633 0.000000 0.000000 0.000000 0.183010 0.983111
59.100000000 0.527391 1.080508 0.000000 0.000000 0.000000 0.181807 0.983334
59.150000000 0.543642 1.084699 0.000000 0.000000 0.000000 0.178940 0.983860
59.200000000 0.557961 1.088836 0.000000 0.000000 0.000000 0.179389 0.983778
59.250000000 0.568253 1.093813 0.000000 0.000000 0.000000 0.189879 0.981808
59.300000000 0.576064 1.098591 0.000000 0.000000 0.000000 0.202508 0.979281
59.350000000 0.580683 1.100152 0.000000 0.000000 0.000000 0.215687 0.976463
59.400000000 0.582635 1.098655 0.000000 0.000000 0.000000 0.221546 0.975150
59.450000000 0.586433 1.097605 0.000000 0.000000 0.000000 0.217788 0.975996
59.500000000 0.592879 1.098467 0.000000 0.000000 0.000000 0.213404 0.976964
59.550000000 0.599630 1.098362 0.000000 0.000000 0.000000 0.213888 0.976858
59.600000000 0.609173 1.098446 0.000000 0.000000 0.000000 0.215245 0.976560
59.650000000 0.616928 1.098458 0.000000 0.000000 0.000000 0.217826 0.975988
59.700000000 0.626077 1.102779 0.000000 0.000000 0.000000 0.217086 0.976153
59.750000000 0.637974 1.110903 0.000000 0.000000 0.000000 0.214834 0.976651
59.800000000 0.651220 1.118318 0.000000 0.000000 0.000000 0.212454 0.977171
59.850000000 0.662192 1.124755 0.000000 0.000000 0.000000 0.215840 0.976429
59.900000000 0.670444 1.131443 0.000000 0.000000 0.000000 0.226270 0.974065
59.950000000 0.676500 1.137048 0.000000 0.000000 0.000000 0.242066 0.970260
60.000000000 0.680128 1.138762 0.000000 0.000000 0.000000 0.246750 0.969079
60.050000000 0.681974 1.139315 0.000000 0.000000 0.000000 0.255417 0.966831
60.100000000 0.683295 1.139985 0.000000 0.000000 0.000000 0.255764 0.966739
60.150000000 0.685323 1.138611 0.000000 0.000000 0.000000 0.262904 0.964822
60.200000000 0.685206 1.138228 0.000000 0.000000 0.000000 0.273498 0.961872
60.250000000 0.684507 1.138595 0.000000 0.000000 0.000000 0.284874 0.958565
60.300000000 0.684522 1.139064 0.000000 0.000000 0.000000 0.290242 0.956953
60.350000000 0.683197 1.138652 0.000000 0.000000 0.000000 0.297417 0.954748
60.400000000 0.683978 1.139582 0.000000 0.000000 0.000000 0.298042 0.954553
60.450000000 0.687518 1.141363 0.000000 0.000000 0.000000 0.296952 0.954893
60.500000000 0.693208 1.146263 0.000000 0.000000 0.000000 0.296799 0.954940
60.550000000 0.701920 1.148967 0.000000 0.000000 0.000000 0.299287 0.954163
60.600000000 0.710960 1.153295 0.000000 0.000000 0.000000 0.299831 0.953992
60.650000000 0.721662 1.161840 0.000000 0.000000 0.000000 0.297874 0.954605
60.700000000 0.734997 1.173635 0.000000 0.000000 0.000000 0.295911 0.955215
60.750000000 0.747353 1.181888 0.000000 0.000000 0.000000 0.296008 0.955185
60.800000000 0.756401 1.191067 0.000000 0.000000 0.000000 0.304251 0.952592
60.850000000 0.763522 1.198904 0.000000 0.000000 0.000000 0.320040 0.947404
60.900000000 0.767772 1.202797 0.000000 0.000000 0.000000 0.326882 0.945065
60.950000000 0.770764 1.203130 0.000000 0.000000 0.000000 0.336229 0.941780
61.000000000 0.772576 1.203219 0.000000 0.000000 0.000000 0.337880 0.941189
61.050000000 0.773858 1.202269 0.000000 0.000000 0.000000 0.344734 0.938700
61.100000000 0.773468 1.201138 0.000000 0.000000 0.000000 0.351432 0.936213
61.150000000 0.773246 1.200133 0.000000 0.000000 0.000000 0.361155 0.932506
61.200000000 0.772577 1.200958 0.000000 0.000000 0.000000 0.365643 0.930755
61.250000000 0.772229 1.203390 0.000000 0.000000 0.000000 0.364668 0.931138
61.300000000 0.773464 1.208797 0.000000 0.000000 0.000000 0.359923 0.932982
61.350000000 0.780065 1.215253 0.000000 0.000000 0.000000 0.354930 0.934893
61.400000000 0.789711 1.222631 0.000000 0.000000 0.000000 0.355284 0.934758
61.450000000 0.802106 1.231464 0.000000 0.000000 0.000000 0.357755 0.933815
61.500000000 0.813854 1.241168 0.000000 0.000000 0.000000 0.360187 0.932880
61.550000000 0.825569 1.250519 0.000000 0.000000 0.000000 0.359962 0.932967
61.600000000 0.838533 1.261825 0.000000 0.000000 0.000000 0.358351 0.933587
61.650000000 0.852880 1.270824 0.000000 0.000000 0.000000 0.354675 0.934990
61.700000000 0.864341 1.279284 0.000000 0.000000 0.000000 0.355540 0.934661
61.750000000 0.875884 1.288335 0.000000 0.000000 0.000000 0.358016 0.933715
61.800000000 0.885971 1.296894 0.000000 0.000000 0.000000 0.360304 0.932835
61.850000000 0.895704 1.303494 0.000000 0.000000 0.000000 0.359503 0.933144
61.900000000 0.905193 1.312661 0.000000 0.000000 0.000000 0.357405 0.933950
61.950000000 0.914971 1.316828 0.000000 0.000000 0.000000 0.354778 0.934951
62.000000000 0.923106 1.319934 0.000000 0.000000 0.000000 0.355897 0.934525
62.050000000 0.930643 1.327263 0.000000 0.000000 0.000000 0.359026 0.933327
62.100000000 0.938105 1.333147 0.000000 0.000000 0.000000 0.360145 0.932896
62.150000000 0.945110 1.339497 0.000000 0.000000 0.000000 0.359945 0.932973
62.200000000 0.951600 1.348442 0.000000 0.000000 0.000000 0.364662 0.931140
62.250000000 0.956797 1.353180 0.000000 0.000000 0.000000 0.372864 0.927886
62.300000000 0.958746 1.357400 0.000000 0.000000 0.000000 0.378006 0.925803
62.350000000 0.959302 1.361662 0.000000 0.000000 0.000000 0.390140 0.920755
62.400000000 0.959626 1.364796 0.000000 0.000000 0.000000 0.395745 0.918361
62.450000000 0.959239 1.365514 0.000000 0.000000 0.000000 0.403730 0.914878
62.500000000 0.958743 1.364607 0.000000 0.000000 0.000000 0.408654 0.912690
62.550000000 0.958831 1.363470 0.000000 0.000000 0.000000 0.411573 0.911377
62.600000000 0.959824 1.362220 0.000000 0.000000 0.000000 0.416598 0.909091
62.650000000 0.961375 1.361368 0.000000 0.000000 0.000000 0.426083 0.904684
62.700000000 0.962813 1.361321 0.000000 0.000000 0.000000 0.431876 0.901933
62.750000000 0.964254 1.362437 0.000000 0.000000 0.000000 0.443577 0.896236
62.800000000 0.965260 1.364637 0.000000 0.000000 0.000000 0.446021 0.895023
62.850000000 0.970010 1.371630 0.000000 0.000000 0.000000 0.439439 0.898272
62.900000000 0.978667 1.376925 0.000000 0.000000 0.000000 0.436837 0.899541
62.950000000 0.988398 1.383048 0.000000 0.000000 0.000000 0.438259 0.898849
63.000000000 0.998675 1.393387 0.000000 0.000000 0.000000 0.440345 0.897829
63.050000000 1.008536 1.401471 0.000000 0.000000 0.000000 0.441881 0.897074
63.100000000 1.019352 1.414537 0.000000 0.000000 0.000000 0.440804 0.897604
63.150000000 1.029782 1.429306 0.000000 0.000000 0.000000 0.436967 0.899478
63.200000000 1.039346 1.437445 0.000000 0.000000 0.000000 0.436250 0.899826
63.250000000 1.047807 1.446931 0.000000 0.000000 0.000000 0.437700 0.899121
63.300000000 1.054920 1.459008 0.000000 0.000000 0.000000 0.440061 0.897968
63.350000000 1.060977 1.466001 0.000000 0.000000 0.000000 0.442039 0.896996
63.400000000 1.066849 1.475364 0.000000 0.000000 0.000000 0.440422 0.897791
63.450000000 1.072075 1.488634 0.000000 0.000000 0.000000 0.437246 0.899342
63.500000000 1.080563 1.495207 0.000000 0.000000 0.000000 0.436456 0.899725
63.550000000 1.086518 1.504614 0.000000 0.000000 0.000000 0.438010 0.898970
63.600000000 1.092260 1.514027 0.000000 0.000000 0.000000 0.440956 0.897529
63.650000000 1.097292 1.521939 0.000000 0.000000 0.000000 0.441922 0.897053
63.700000000 1.102065 1.529329 0.000000 0.000000 0.000000 0.440506 0.897750
63.750000000 1.108984 1.537284 0.000000 0.000000 0.000000 0.437847 0.899049
63.800000000 1.117450 1.545711 0.000000 0.000000 0.000000 0.436785 0.899566
63.850000000 1.126278 1.553334 0.000000 0.000000 0.000000 0.437974 0.898988
63.900000000 1.135544 1.561382 0.000000 0.000000 0.000000 0.439665 0.898162
63.951000000 1.143963 1.570246 0.000000 0.000000 0.000000 0.441907 0.897061
64.000000000 1.152150 1.578063 0.000000 0.000000 0.000000 0.440565 0.897721
64.050000000 1.161484 1.589517 0.000000 0.000000 0.000000 0.437739 0.899102
64.100000000 1.171767 1.596401 0.000000 0.000000 0.000000 0.436699 0.899608
64.150000000 1.178121 1.603804 0.000000 0.000000 0.000000 0.445863 0.895101
64.200000000 1.182369 1.610383 0.000000 0.000000 0.000000 0.454567 0.890713
64.250000000 1.185141 1.613875 0.000000 0.000000 0.000000 0.465874 0.884851
64.300000000 1.187097 1.614514 0.000000 0.000000 0.000000 0.470664 0.882312
64.350000000 1.187603 1.617261 0.000000 0.000000 0.000000 0.476072 0.879406
64.400000000 1.189760 1.613774 0.000000 0.000000 0.000000 0.477975 0.878373
64.450000000 1.189287 1.613312 0.000000 0.000000 0.000000 0.488270 0.872693
64.500000000 1.188727 1.613171 0.000000 0.000000 0.000000 0.495874 0.868394
64.550000000 1.187206 1.614006 0.000000 0.000000 0.000000 0.503265 0.864132
64.600000000 1.185191 1.616878 0.000000 0.000000 0.000000 0.502125 0.864795
64.650000000 1.185539 1.623831 0.000000 0.000000 0.000000 0.495127 0.868820
64.700000000 1.192141 1.632257 0.000000 0.000000 0.000000 0.491844 0.870683
64.750000000 1.199411 1.644302 0.000000 0.000000 0.000000 0.492913 0.870079
64.800000000 1.207451 1.657888 0.000000 0.000000 0.000000 0.496758 0.867889
64.850000000 1.214769 1.669829 0.000000 0.000000 0.000000 0.498156 0.867087
64.900000000 1.222428 1.681080 0.000000 0.000000 0.000000 0.496184 0.868217
64.950000000 1.232123 1.694075 0.000000 0.000000 0.000000 0.492140 0.870516
65.000000000 1.241495 1.706156 0.000000 0.000000 0.000000 0.491719 0.870754
65.050000000 1.249648 1.718648 0.000000 0.000000 0.000000 0.493751 0.869603
65.100000000 1.257906 1.730770 0.000000 0.000000 0.000000 0.495568 0.868569
65.150000000 1.265069 1.740358 0.000000 0.000000 0.000000 0.497189 0.867642
65.200000000 1.271541 1.748826 0.000000 0.000000 0.000000 0.496074 0.868280
65.250000000 1.279585 1.759596 0.000000 0.000000 0.000000 0.493351 0.869831
65.300000000 1.287918 1.767979 0.000000 0.000000 0.000000 0.492309 0.870420
65.350000000 1.294863 1.776336 0.000000 0.000000 0.000000 0.494012 0.869455
65.400000000 1.300987 1.787259 0.000000 0.000000 0.000000 0.496725 0.867908
65.450000000 1.310785 1.793721 0.000000 0.000000 0.000000 0.496669 0.867940
65.500000000 1.316759 1.801617 0.000000 0.000000 0.000000 0.496107 0.868261
65.550000000 1.322652 1.813674 0.000000 0.000000 0.000000 0.493151 0.869944
65.600000000 1.331700 1.817690 0.000000 0.000000 0.000000 0.491828 0.870692
65.650000000 1.337814 1.825709 0.000000 0.000000 0.000000 0.493438 0.869781
65.700000000 1.344021 1.837242 0.000000 0.000000 0.000000 0.495121 0.868824
65.750000000 1.349213 1.846976 0.000000 0.000000 0.000000 0.497602 0.867406
65.800000000 1.354020 1.856445 0.000000 0.000000 0.000000 0.496392 0.868098
65.850000000 1.358105 1.870421 0.000000 0.000000 0.000000 0.493705 0.869630
65.900000000 1.366112 1.878494 0.000000 0.000000 0.000000 0.492157 0.870506
65.950000000 1.371923 1.888918 0.000000 0.000000 0.000000 0.493290 0.869865
66.000000000 1.377856 1.900887 0.000000 0.000000 0.000000 0.495889 0.868386
66.050000000 1.382612 1.910862 0.000000 0.000000 0.000000 0.497798 0.867293
66.100000000 1.387158 1.919207 0.000000 0.000000 0.000000 0.496385 0.868102
66.150000000 1.390655 1.931096 0.000000 0.000000 0.000000 0.494439 0.869212
66.200000000 1.399571 1.940338 0.000000 0.000000 0.000000 0.491607 0.870817
66.250000000 1.406004 1.949996 0.000000 0.000000 0.000000 0.493537 0.869725
66.300000000 1.412835 1.960267 0.000000 0.000000 0.000000 0.495036 0.868873
66.350000000 1.418834 1.969781 0.000000 0.000000 0.000000 0.497210 0.867630
66.400000000 1.424548 1.978019 0.000000 0.000000 0.000000 0.496420 0.868082
66.450000000 1.429911 1.989215 0.000000 0.000000 0.000000 0.494381 0.869245
66.500000000 1.438392 1.998290 0.000000 0.000000 0.000000 0.492133 0.870520
66.550000000 1.445638 2.007323 0.000000 0.000000 0.000000 0.491451 0.870905
66.600000000 1.452392 2.015827 0.000000 0.000000 0.000000 0.490175 0.871624
66.650000000 1.457966 2.024533 0.000000 0.000000 0.000000 0.496134 0.868246
66.700000000 1.463757 2.033750 0.000000 0.000000 0.000000 0.496266 0.868171
66.750000000 1.468748 2.047256 0.000000 0.000000 0.000000 0.494462 0.869199
66.800000000 1.476866 2.052943 0.000000 0.000000 0.000000 0.492306 0.870422
66.850000000 1.484250 2.063072 0.000000 0.000000 0.000000 0.493346 0.869833
66.900000000 1.491202 2.076297 0.000000 0.000000 0.000000 0.496106 0.868262
66.950000000 1.498310 2.085206 0.000000 0.000000 0.000000 0.507248 0.861800
67.000000000 1.503124 2.092062 0.000000 0.000000 0.000000 0.514304 0.857608
67.050000000 1.508994 2.096601 0.000000 0.000000 0.000000 0.521149 0.853466
67.100000000 1.513275 2.096951 0.000000 0.000000 0.000000 0.522305 0.852759
67.150000000 1.514222 2.094213 0.000000 0.000000 0.000000 0.532258 0.846582
67.200000000 1.512841 2.092880 0.000000 0.000000 0.000000 0.537940 0.842983
67.250000000 1.512273 2.088495 0.000000 0.000000 0.000000 0.547058 0.837095
67.300000000 1.516656 2.080583 0.000000 0.000000 0.000000 0.549643 0.835399
67.350000000 1.508665 2.089826 0.000000 0.000000 0.000000 0.547883 0.836555
67.400000000 1.510569 2.097773 0.000000 0.000000 0.000000 0.541459 0.840727
67.450000000 1.514403 2.108034 0.000000 0.000000 0.000000 0.540885 0.841097
67.500000000 1.517814 2.117877 0.000000 0.000000 0.000000 0.544116 0.839010
67.550000000 1.522817 2.129832 0.000000 0.000000 0.000000 0.546094 0.837724
67.600000000 1.526927 2.142254 0.000000 0.000000 0.000000 0.545425 0.838160
67.650000000 1.531085 2.156104 0.000000 0.000000 0.000000 0.543613 0.839336
67.700000000 1.537628 2.171129 0.000000 0.000000 0.000000 0.541129 0.840939
67.750000000 1.543307 2.185164 0.000000 0.000000 0.000000 0.540960 0.841048
67.800000000 1.549335 2.199278 0.000000 0.000000 0.000000 0.542697 0.839928
67.850000000 1.555059 2.212917 0.000000 0.000000 0.000000 0.545499 0.838111
67.900000000 1.560862 2.223039 0.000000 0.000000 0.000000 0.545242 0.838279
67.950000000 1.566706 2.231860 0.000000 0.000000 0.000000 0.543892 0.839155
68.000000000 1.573330 2.243967 0.000000 0.000000 0.000000 0.541685 0.840582
68.050000000 1.581061 2.252256 0.000000 0.000000 0.000000 0.540476 0.841359
68.100000000 1.587224 2.260864 0.000000 0.000000 0.000000 0.542142 0.840287
68.150000000 1.592652 2.271773 0.000000 0.000000 0.000000 0.544894 0.838505
68.200000000 1.602541 2.278865 0.000000 0.000000 0.000000 0.544533 0.838740
68.250000000 1.607109 2.289469 0.000000 0.000000 0.000000 0.548634 0.836063
68.300000000 1.611327 2.296010 0.000000 0.000000 0.000000 0.554144 0.832421
68.350000000 1.614959 2.297283 0.000000 0.000000 0.000000 0.560522 0.828139
68.400000000 1.614601 2.300954 0.000000 0.000000 0.000000 0.567591 0.823311
68.450000000 1.612993 2.304741 0.000000 0.000000 0.000000 0.577529 0.816370
68.500000000 1.617977 2.303644 0.000000 0.000000 0.000000 0.580398 0.814333
68.550000000 1.617957 2.302943 0.000000 0.000000 0.000000 0.588936 0.808180
68.600000000 1.616564 2.305156 0.000000 0.000000 0.000000 0.590157 0.807289
68.650000000 1.617545 2.303906 0.000000 0.000000 0.000000 0.595690 0.803215
68.700000000 1.616224 2.305195 0.000000 0.000000 0.000000 0.602444 0.798161
68.750000000 1.617734 2.304259 0.000000 0.000000 0.000000 0.611100 0.791553
68.800000000 1.619770 2.302439 0.000000 0.000000 0.000000 0.614646 0.788803
68.850000000 1.618720 2.306020 0.000000 0.000000 0.000000 0.615055 0.788484
68.900000000 1.618039 2.315919 0.000000 0.000000 0.000000 0.610245 0.792213
68.950000000 1.622710 2.324417 0.000000 0.000000 0.000000 0.606474 0.795104
69.000000000 1.624421 2.339110 0.000000 0.000000 0.000000 0.608207 0.793778
69.050000000 1.630580 2.354334 0.000000 0.000000 0.000000 0.609800 0.792555
69.100000000 1.636543 2.366394 0.000000 0.000000 0.000000 0.611458 0.791277
69.150000000 1.641165 2.380186 0.000000 0.000000 0.000000 0.610897 0.791710
69.200000000 1.644640 2.396935 0.000000 0.000000 0.000000 0.609734 0.792606
69.250000000 1.649321 2.411729 0.000000 0.000000 0.000000 0.606978 0.794719
69.300000000 1.654590 2.422738 0.000000 0.000000 0.000000 0.607683 0.794180
69.350000000 1.657301 2.438548 0.000000 0.000000 0.000000 0.610391 0.792100
69.400000000 1.662269 2.450529 0.000000 0.000000 0.000000 0.611395 0.791325
69.450000000 1.666770 2.460863 0.000000 0.000000 0.000000 0.610712 0.791853
69.500000000 1.665082 2.476789 0.000000 0.000000 0.000000 0.610560 0.791970
69.550000000 1.670046 2.488394 0.000000 0.000000 0.000000 0.606708 0.794924
69.600000000 1.674494 2.494683 0.000000 0.000000 0.000000 0.607309 0.794466
69.650000000 1.675281 2.510014 0.000000 0.000000 0.000000 0.609530 0.792763
69.700000000 1.681367 2.513457 0.000000 0.000000 0.000000 0.611098 0.791555
69.750000000 1.684135 2.522780 0.000000 0.000000 0.000000 0.611489 0.791253
69.800000000 1.686489 2.534198 0.000000 0.000000 0.000000 0.610474 0.792036
69.850000000 1.688013 2.551183 0.000000 0.000000 0.000000 0.607590 0.794251
69.900000000 1.693131 2.555138 0.000000 0.000000 0.000000 0.606863 0.794806
69.950000000 1.694657 2.567540 0.000000 0.000000 0.000000 0.608318 0.793694
70.000000000 1.699433 2.576469 0.000000 0.000000 0.000000 0.609562 0.792739
70.050000000 1.701346 2.583255 0.000000 0.000000 0.000000 0.611704 0.791087
70.100000000 1.704180 2.595631 0.000000 0.000000 0.000000 0.610302 0.792169
70.150000000 1.707322 2.612620 0.000000 0.000000 0.000000 0.607630 0.794220
70.200000000 1.715161 2.613468 0.000000 0.000000 0.000000 0.606227 0.795292
70.250000000 1.717749 2.624218 0.000000 0.000000 0.000000 0.607944 0.793980
70.300000000 1.718796 2.639594 0.000000 0.000000 0.000000 0.610049 0.792364
70.350000000 1.722508 2.649071 0.000000 0.000000 0.000000 0.610948 0.791671
70.400000000 1.724573 2.660705 0.000000 0.000000 0.000000 0.605915 0.795530
70.450000000 1.727074 2.668293 0.000000 0.000000 0.000000 0.593230 0.805033
70.500000000 1.730249 2.672076 0.000000 0.000000 0.000000 0.586923 0.809642
70.550000000 1.732416 2.671967 0.000000 0.000000 0.000000 0.578378 0.815769
70.600000000 1.732447 2.672772 0.000000 0.000000 0.000000 0.575610 0.817724
70.650000000 1.731223 2.673928 0.000000 0.000000 0.000000 0.572275 0.820062
70.700000000 1.729934 2.673693 0.000000 0.000000 0.000000 0.567913 0.823089
70.750000000 1.729014 2.672067 0.000000 0.000000 0.000000 0.558746 0.829339
70.800000000 1.727653 2.677413 0.000000 0.000000 0.000000 0.557790 0.829982
70.850000000 1.731196 2.686498 0.000000 0.000000 0.000000 0.558879 0.829249
70.900000000 1.738196 2.691701 0.000000 0.000000 0.000000 0.561595 0.827412
70.950000000 1.745324 2.699984 0.000000 0.000000 0.000000 0.564319 0.825556
71.000000000 1.752730 2.706700 0.000000 0.000000 0.000000 0.564687 0.825305
71.050000000 1.759421 2.717970 0.000000 0.000000 0.000000 0.563705 0.825976
71.100000000 1.765361 2.738483 0.000000 0.000000 0.000000 0.560599 0.828088
71.150000000 1.780532 2.734548 0.000000 0.000000 0.000000 0.557447 0.830212
71.200000000 1.783115 2.748833 0.000000 0.000000 0.000000 0.553381 0.832928
71.250000000 1.785479 2.760915 0.000000 0.000000 0.000000 0.547701 0.836674
71.300000000 1.786759 2.768215 0.000000 0.000000 0.000000 0.544397 0.838828
71.350000000 1.788183 2.773801 0.000000 0.000000 0.000000 0.534120 0.845409
71.400000000 1.789343 2.775124 0.000000 0.000000 0.000000 0.528708 0.848804
71.450000000 1.791364 2.774443 0.000000 0.000000 0.000000 0.520197 0.854046
71.500000000 1.797214 2.765122 0.000000 0.000000 0.000000 0.514474 0.857506
71.550000000 1.794933 2.766663 0.000000 0.000000 0.000000 0.509907 0.860229
71.600000000 1.790031 2.766214 0.000000 0.000000 0.000000 0.508379 0.861134
71.650000000 1.795145 2.763680 0.000000 0.000000 0.000000 0.497940 0.867212
71.700000000 1.794275 2.765729 0.000000 0.000000 0.000000 0.491054 0.871129
71.750000000 1.795250 2.767836 0.000000 0.000000 0.000000 0.481636 0.876372
71.800000000 1.797420 2.768941 0.000000 0.000000 0.000000 0.477612 0.878571
71.850000000 1.800752 2.770858 0.000000 0.000000 0.000000 0.472142 0.881523
71.900000000 1.803609 2.771597 0.000000 0.000000 0.000000 0.469752 0.882798
71.950000000 1.805462 2.776416 0.000000 0.000000 0.000000 0.459666 0.888092
72.000000000 1.808175 2.779491 0.000000 0.000000 0.000000 0.455153 0.890413
72.051000000 1.810802 2.786464 0.000000 0.000000 0.000000 0.444452 0.895803
72.100000000 1.813056 2.785150 0.000000 0.000000 0.000000 0.438387 0.898786
72.150000000 1.815260 2.791562 0.000000 0.000000 0.000000 0.431513 0.902107
72.200000000 1.818440 2.790410 0.000000 0.000000 0.000000 0.431530 0.902098
72.250000000 1.820461 2.795651 0.000000 0.000000 0.000000 0.433148 0.901323
72.300000000 1.821630 2.807311 0.000000 0.000000 0.000000 0.431751 0.901993
72.350000000 1.830549 2.814036 0.000000 0.000000 0.000000 0.429931 0.902862
72.400000000 1.838655 2.823458 0.000000 0.000000 0.000000 0.429206 0.903207
72.450000000 1.846227 2.831526 0.000000 0.000000 0.000000 0.423329 0.905976
72.500000000 1.849291 2.841798 0.000000 0.000000 0.000000 0.417566 0.908647
72.550000000 1.847879 2.853233 0.000000 0.000000 0.000000 0.408244 0.912873
72.600000000 1.853291 2.859624 0.000000 0.000000 0.000000 0.400445 0.916321
72.650000000 1.857470 2.859538 0.000000 0.000000 0.000000 0.389257 0.921129
72.700000000 1.860935 2.854556 0.000000 0.000000 0.000000 0.385396 0.922751
72.750000000 1.861318 2.854562 0.000000 0.000000 0.000000 0.380626 0.924729
72.800000000 1.861726 2.855521 0.000000 0.000000 0.000000 0.378071 0.925776
72.850000000 1.861986 2.855485 0.000000 0.000000 0.000000 0.368382 0.929674
72.900000000 1.860603 2.863571 0.000000 0.000000 0.000000 0.366905 0.930258
72.950000000 1.865738 2.864496 0.000000 0.000000 0.000000 0.366653 0.930358
73.000000000 1.873527 2.864362 0.000000 0.000000 0.000000 0.368603 0.929587
73.050000000 1.881260 2.871299 0.000000 0.000000 0.000000 0.371848 0.928294
73.100000000 1.890807 2.878723 0.000000 0.000000 0.000000 0.372125 0.928183
73.150000000 1.900952 2.885169 0.000000 0.000000 0.000000 0.364222 0.931312
73.200000000 1.909257 2.893902 0.000000 0.000000 0.000000 0.353241 0.935532
73.250000000 1.913978 2.900803 0.000000 0.000000 0.000000 0.339403 0.940641
73.300000000 1.915465 2.905965 0.000000 0.000000 0.000000 0.332994 0.942929
73.350000000 1.918886 2.904808 0.000000 0.000000 0.000000 0.326798 0.945094
73.400000000 1.918139 2.909132 0.000000 0.000000 0.000000 0.324589 0.945855
73.450000000 1.911988 2.916076 0.000000 0.000000 0.000000 0.313742 0.949508
73.500000000 1.911519 2.917148 0.000000 0.000000 0.000000 0.306806 0.951772
73.550000000 1.912197 2.917412 0.000000 0.000000 0.000000 0.296867 0.954919
73.600000000 1.908769 2.917450 0.000000 0.000000 0.000000 0.292151 0.956372
73.650000000 1.909594 2.918768 0.000000 0.000000 0.000000 0.286603 0.958050
73.700000000 1.915287 2.917717 0.000000 0.000000 0.000000 0.284193 0.958767
73.750000000 1.916737 2.919379 0.000000 0.000000 0.000000 0.283685 0.958917
73.800000000 1.920040 2.923633 0.000000 0.000000 0.000000 0.285794 0.958291
73.850000000 1.927705 2.928322 0.000000 0.000000 0.000000 0.282795 0.959181
73.900000000 1.937734 2.932734 0.000000 0.000000 0.000000 0.278632 0.960398
73.950000000 1.947781 2.938207 0.000000 0.000000 0.000000 0.269499 0.963001
74.000000000 1.955407 2.944251 0.000000 0.000000 0.000000 0.265519 0.964106
74.050000000 1.963958 2.946899 0.000000 0.000000 0.000000 0.255094 0.966916
74.100000000 1.969569 2.952248 0.000000 0.000000 0.000000 0.248494 0.968633
74.150000000 1.974913 2.953910 0.000000 0.000000 0.000000 0.237900 0.971290
74.200000000 1.979158 2.948747 0.000000 0.000000 0.000000 0.232267 0.972652
74.250000000 1.981637 2.946994 0.000000 0.000000 0.000000 0.224829 0.974398
74.300000000 1.984037 2.944745 0.000000 0.000000 0.000000 0.223937 0.974604
74.350000000 1.981293 2.950231 0.000000 0.000000 0.000000 0.214537 0.976716
74.400000000 1.982779 2.949098 0.000000 0.000000 0.000000 0.205624 0.978631
74.450000000 1.984656 2.948675 0.000000 0.000000 0.000000 0.195117 0.980780
74.500000000 1.982704 2.956772 0.000000 0.000000 0.000000 0.192258 0.981344
74.550000000 1.985989 2.957641 0.000000 0.000000 0.000000 0.195077 0.980788
74.600000000 1.993035 2.953061 0.000000 0.000000 0.000000 0.201353 0.979519
74.650000000 1.998201 2.958122 0.000000 0.000000 0.000000 0.202223 0.979340
74.700000000 2.008899 2.963238 0.000000 0.000000 0.000000 0.192916 0.981215
74.750000000 2.017784 2.967092 0.000000 0.000000 0.000000 0.177837 0.984060
74.800000000 2.026939 2.971128 0.000000 0.000000 0.000000 0.170506 0.985357
74.850000000 2.032211 2.976740 0.000000 0.000000 0.000000 0.162489 0.986710
74.900000000 2.036204 2.980990 0.000000 0.000000 0.000000 0.162028 0.986786
74.950000000 2.038469 2.983630 0.000000 0.000000 0.000000 0.157218 0.987564
75.000000000 2.040985 2.987005 0.000000 0.000000 0.000000 0.159496 0.987199
75.050000000 2.047278 2.988952 0.000000 0.000000 0.000000 0.157814 0.987469
75.100000000 2.053558 2.993212 0.000000 0.000000 0.000000 0.157595 0.987504
75.150000000 2.071575 2.984220 0.000000 0.000000 0.000000 0.151032 0.988529
75.200000000 2.080972 2.985552 0.000000 0.000000 0.000000 0.146231 0.989250
75.250000000 2.085549 2.989198 0.000000 0.000000 0.000000 0.137401 0.990516
75.300000000 2.089901 2.992742 0.000000 0.000000 0.000000 0.131176 0.991359
75.351000000 2.096482 2.991347 0.000000 0.000000 0.000000 0.119285 0.992860
75.400000000 2.101100 2.990427 0.000000 0.000000 0.000000 0.113940 0.993488
75.450000000 2.103376 2.989817 0.000000 0.000000 0.000000 0.104021 0.994575
75.500000000 2.106585 2.982688 0.000000 0.000000 0.000000 0.101897 0.994795
75.550000000 2.106912 2.983892 0.000000 0.000000 0.000000 0.096981 0.995286
75.600000000 2.106545 2.986606 0.000000 0.000000 0.000000 0.088910 0.996040
75.650000000 2.108228 2.985465 0.000000 0.000000 0.000000 0.077657 0.996980
75.700000000 2.109924 2.986522 0.000000 0.000000 0.000000 0.071264 0.997458
75.750000000 2.110623 2.989242 0.000000 0.000000 0.000000 0.062056 0.998073
75.800000000 2.112844 2.989018 0.000000 0.000000 0.000000 0.058441 0.998291
75.850000000 2.119271 2.983706 0.000000 0.000000 0.000000 0.052228 0.998635
75.900000000 2.121542 2.985288 0.000000 0.000000 0.000000 0.046525 0.998917
75.950000000 2.122081 2.986099 0.000000 0.000000 0.000000 0.036165 0.999346
76.000000000 2.123146 2.990099 0.000000 0.000000 0.000000 0.034807 0.999394
76.050000000 2.126587 2.995877 0.000000 0.000000 0.000000 0.038217 0.999269
76.100000000 2.140581 2.982863 0.000000 0.000000 0.000000 0.041874 0.999123
76.150000000 2.154602 2.984549 0.000000 0.000000 0.000000 0.045527 0.998963
76.200000000 2.164028 2.992870 0.000000 0.000000 0.000000 0.043976 0.999033
76.250000000 2.177201 2.991901 0.000000 0.000000 0.000000 0.030954 0.999521
76.300000000 2.188914 2.991259 0.000000 0.000000 0.000000 0.019944 0.999801
76.350000000 2.197224 2.990497 0.000000 0.000000 0.000000 0.007774 0.999970
76.400000000 2.204420 2.990477 0.000000 0.000000 0.000000 0.003530 0.999994
76.451000000 2.208350 2.993161 0.000000 0.000000 0.000000 0.000453 1.000000
76.500000000 2.209366 2.995413 0.000000 0.000000 0.000000 -0.004460 0.999990
76.550000000 2.206253 2.999817 0.000000 0.000000 0.000000 -0.016006 0.999872
76.600000000 2.206401 2.996650 0.000000 0.000000 0.000000 -0.022481 0.999747
76.650000000 2.208789 2.997778 0.000000 0.000000 0.000000 -0.032248 0.999480
76.700000000 2.209032 2.999887 0.000000 0.000000 0.000000 -0.037791 0.999286
76.750000000 2.216748 2.987799 0.000000 0.000000 0.000000 -0.042987 0.999076
76.800000000 2.217229 2.988789 0.000000 0.000000 0.000000 -0.047196 0.998886
76.850000000 2.218990 2.988947 0.000000 0.000000 0.000000 -0.057841 0.998326
76.900000000 2.216388 2.992284 0.000000 0.000000 0.000000 -0.060888 0.998145
76.950000000 2.214154 2.998903 0.000000 0.000000 0.000000 -0.074948 0.997187
77.000000000 2.216511 2.996603 0.000000 0.000000 0.000000 -0.080732 0.996736
77.050000000 2.224124 2.982210 0.000000 0.000000 0.000000 -0.086025 0.996293
77.100000000 2.223701 2.988507 0.000000 0.000000 0.000000 -0.089643 0.995974
77.150000000 2.227710 2.986405 0.000000 0.000000 0.000000 -0.100179 0.994969
77.200000000 2.235224 2.980445 0.000000 0.000000 0.000000 -0.099125 0.995075
77.250000000 2.240359 2.979124 0.000000 0.000000 0.000000 -0.098572 0.995130
77.300000000 2.247738 2.974382 0.000000 0.000000 0.000000 -0.096592 0.995324
77.350000000 2.262817 2.962587 0.000000 0.000000 0.000000 -0.093716 0.995599
77.400000000 2.273295 2.963917 0.000000 0.000000 0.000000 -0.095351 0.995444
77.450000000 2.285411 2.959550 0.000000 0.000000 0.000000 -0.106352 0.994329
77.500000000 2.294740 2.957043 0.000000 0.000000 0.000000 -0.118025 0.993011
77.550000000 2.301827 2.957137 0.000000 0.000000 0.000000 -0.131964 0.991255
77.600000000 2.305808 2.960637 0.000000 0.000000 0.000000 -0.138000 0.990432
77.650000000 2.311679 2.959934 0.000000 0.000000 0.000000 -0.144297 0.989534
77.700000000 2.313609 2.962831 0.000000 0.000000 0.000000 -0.146704 0.989180
77.750000000 2.310848 2.969470 0.000000 0.000000 0.000000 -0.160387 0.987054
77.800000000 2.311973 2.970732 0.000000 0.000000 0.000000 -0.166986 0.985959
77.850000000 2.311118 2.975650 0.000000 0.000000 0.000000 -0.176429 0.984313
77.900000000 2.312074 2.977952 0.000000 0.000000 0.000000 -0.181834 0.983329
77.950000000 2.317284 2.975007 0.000000 0.000000 0.000000 -0.186812 0.982396
78.000000000 2.318670 2.976485 0.000000 0.000000 0.000000 -0.190393 0.981708
78.050000000 2.315422 2.978704 0.000000 0.000000 0.000000 -0.199115 0.979976
78.100000000 2.317623 2.977245 0.000000 0.000000 0.000000 -0.208125 0.978102
78.150000000 2.319492 2.974927 0.000000 0.000000 0.000000 -0.218450 0.975848
78.200000000 2.319395 2.978307 0.000000 0.000000 0.000000 -0.222904 0.974841
78.250000000 2.325421 2.962231 0.000000 0.000000 0.000000 -0.228738 0.973488
78.300000000 2.325712 2.961913 0.000000 0.000000 0.000000 -0.230804 0.973000
78.350000000 2.326087 2.963012 0.000000 0.000000 0.000000 -0.243109 0.969999
78.400000000 2.329543 2.956904 0.000000 0.000000 0.000000 -0.250735 0.968056
78.450000000 2.329461 2.954075 0.000000 0.000000 0.000000 -0.261429 0.965223
78.500000000 2.329933 2.960483 0.000000 0.000000 0.000000 -0.265823 0.964022
78.550000000 2.338812 2.946578 0.000000 0.000000 0.000000 -0.272590 0.962130
78.600000000 2.339971 2.946840 0.000000 0.000000 0.000000 -0.273750 0.961801
78.650000000 2.336884 2.954636 0.000000 0.000000 0.000000 -0.282580 0.959244
78.700000000 2.342230 2.944056 0.000000 0.000000 0.000000 -0.290910 0.956750
78.750000000 2.345077 2.943920 0.000000 0.000000 0.000000 -0.301437 0.953486
78.800000000 2.343720 2.950851 0.000000 0.000000 0.000000 -0.306835 0.951763
78.850000000 2.350951 2.938462 0.000000 0.000000 0.000000 -0.315190 0.949029
78.900000000 2.353455 2.939092 0.000000 0.000000 0.000000 -0.315372 0.948968
78.950000000 2.353240 2.945747 0.000000 0.000000 0.000000 -0.323538 0.946215
79.000000000 2.359401 2.939934 0.000000 0.000000 0.000000 -0.324673 0.945826
79.050000000 2.367322 2.931006 0.000000 0.000000 0.000000 -0.324252 0.945971
79.100000000 2.370325 2.929008 0.000000 0.000000 0.000000 -0.322750 0.946484
79.150000000 2.379020 2.914451 0.000000 0.000000 0.000000 -0.321244 0.946996
79.200000000 2.391462 2.907342 0.000000 0.000000 0.000000 -0.322651 0.946518
79.250000000 2.395861 2.906295 0.000000 0.000000 0.000000 -0.331182 0.943567
79.300000000 2.406045 2.892237 0.000000 0.000000 0.000000 -0.341843 0.939757
79.350000000 2.412128 2.886687 0.000000 0.000000 0.000000 -0.354080 0.935215
79.400000000 2.415198 2.889720 0.000000 0.000000 0.000000 -0.360825 0.932633
79.450000000 2.423851 2.881030 0.000000 0.000000 0.000000 -0.368310 0.929703
79.500000000 2.426091 2.883159 0.000000 0.000000 0.000000 -0.370211 0.928947
79.550000000 2.422649 2.890285 0.000000 0.000000 0.000000 -0.381732 0.924273
79.600000000 2.422135 2.884562 0.000000 0.000000 0.000000 -0.389000 0.921238
79.650000000 2.423255 2.886510 0.000000 0.000000 0.000000 -0.398824 0.917027
79.700000000 2.420439 2.894449 0.000000 0.000000 0.000000 -0.403447 0.915003
79.750000000 2.423926 2.887523 0.000000 0.000000 0.000000 -0.405175 0.914239
79.800000000 2.426525 2.889248 0.000000 0.000000 0.000000 -0.399926 0.916547
79.850000000 2.432924 2.888239 0.000000 0.000000 0.000000 -0.400473 0.916309
79.900000000 2.445338 2.872327 0.000000 0.000000 0.000000 -0.407732 0.913101
79.950000000 2.451270 2.869519 0.000000 0.000000 0.000000 -0.421285 0.906928
80.000000000 2.457943 2.868911 0.000000 0.000000 0.000000 -0.425354 0.905027
80.050000000 2.466065 2.859507 0.000000 0.000000 0.000000 -0.430372 0.902652
80.100000000 2.469589 2.855804 0.000000 0.000000 0.000000 -0.433571 0.901119
80.150000000 2.470289 2.853301 0.000000 0.000000 0.000000 -0.444327 0.895865
80.200000000 2.469698 2.850895 0.000000 0.000000 0.000000 -0.450270 0.892892
80.250000000 2.469552 2.847287 0.000000 0.000000 0.000000 -0.459858 0.887992
80.300000000 2.467079 2.848289 0.000000 0.000000 0.000000 -0.463673 0.886006
80.350000000 2.467918 2.843035 0.000000 0.000000 0.000000 -0.469465 0.882951
80.400000000 2.466180 2.841099 0.000000 0.000000 0.000000 -0.471908 0.881648
80.450000000 2.461198 2.844822 0.000000 0.000000 0.000000 -0.480400 0.877049
80.500000000 2.461761 2.836275 0.000000 0.000000 0.000000 -0.488465 0.872583
80.550000000 2.459150 2.826005 0.000000 0.000000 0.000000 -0.494730 0.869047
80.600000000 2.457663 2.821137 0.000000 0.000000 0.000000 -0.492414 0.870361
80.650000000 2.459562 2.807155 0.000000 0.000000 0.000000 -0.487693 0.873015
80.700000000 2.461506 2.797846 0.000000 0.000000 0.000000 -0.489144 0.872203
80.750000000 2.462797 2.791525 0.000000 0.000000 0.000000 -0.496794 0.867869
80.800000000 2.466042 2.780025 0.000000 0.000000 0.000000 -0.505859 0.862616
80.850000000 2.469768 2.772169 0.000000 0.000000 0.000000 -0.516472 0.856304
80.900000000 2.472091 2.772347 0.000000 0.000000 0.000000 -0.522222 0.852810
80.950000000 2.474373 2.775519 0.000000 0.000000 0.000000 -0.531483 0.847069
81.000000000 2.478559 2.776539 0.000000 0.000000 0.000000 -0.531537 0.847035
81.050000000 2.480456 2.780878 0.000000 0.000000 0.000000 -0.540303 0.841471
81.100000000 2.484711 2.777843 0.000000 0.000000 0.000000 -0.545268 0.838262
81.150000000 2.492252 2.775017 0.000000 0.000000 0.000000 -0.554435 0.832227
81.200000000 2.492995 2.781177 0.000000 0.000000 0.000000 -0.557863 0.829933
81.250000000 2.496606 2.780638 0.000000 0.000000 0.000000 -0.565404 0.824814
81.300000000 2.501221 2.779008 0.000000 0.000000 0.000000 -0.567339 0.823485
81.350000000 2.502694 2.780476 0.000000 0.000000 0.000000 -0.571754 0.820425
81.400000000 2.505162 2.779529 0.000000 0.000000 0.000000 -0.579185 0.815196
81.450000000 2.507739 2.774153 0.000000 0.000000 0.000000 -0.589112 0.808051
81.500000000 2.507582 2.774787 0.000000 0.000000 0.000000 -0.593313 0.804972
81.550000000 2.508345 2.768870 0.000000 0.000000 0.000000 -0.597937 0.801543
81.600000000 2.509712 2.762100 0.000000 0.000000 0.000000 -0.593062 0.805157
81.650000000 2.509624 2.757806 0.000000 0.000000 0.000000 -0.587412 0.809288
81.700000000 2.513714 2.748102 0.000000 0.000000 0.000000 -0.588691 0.808358
81.750000000 2.518340 2.731337 0.000000 0.000000 0.000000 -0.591762 0.806113
81.800000000 2.518351 2.722003 0.000000 0.000000 0.000000 -0.592481 0.805584
81.850000000 2.522940 2.704237 0.000000 0.000000 0.000000 -0.591227 0.806505
81.900000000 2.526712 2.687859 0.000000 0.000000 0.000000 -0.589202 0.807986
81.950000000 2.527976 2.676548 0.000000 0.000000 0.000000 -0.587683 0.809091
82.000000000 2.533058 2.657603 0.000000 0.000000 0.000000 -0.589073 0.808080
82.050000000 2.535471 2.642407 0.000000 0.000000 0.000000 -0.591273 0.806472
82.100000000 2.536876 2.632414 0.000000 0.000000 0.000000 -0.592243 0.805760
82.150000000 2.538965 2.622459 0.000000 0.000000 0.000000 -0.591092 0.806604
82.200000000 2.543419 2.604823 0.000000 0.000000 0.000000 -0.589614 0.807685
82.250000000 2.545762 2.597589 0.000000 0.000000 0.000000 -0.587194 0.809446
82.300000000 2.548400 2.590039 0.000000 0.000000 0.000000 -0.588307 0.808638
82.350000000 2.556294 2.573661 0.000000 0.000000 0.000000 -0.591906 0.806007
82.400000000 2.559175 2.566152 0.000000 0.000000 0.000000 -0.592346 0.805684
82.450000000 2.565291 2.557830 0.000000 0.000000 0.000000 -0.591898 0.806013
82.500000000 2.570426 2.547392 0.000000 0.000000 0.000000 -0.589997 0.807406
82.550000000 2.573319 2.544028 0.000000 0.000000 0.000000 -0.586812 0.809723
82.600000000 2.578394 2.535827 0.000000 0.000000 0.000000 -0.588787 0.808288
82.650000000 2.584074 2.518765 0.000000 0.000000 0.000000 -0.591773 0.806105
82.700000000 2.587199 2.512771 0.000000 0.000000 0.000000 -0.592461 0.805599
82.750000000 2.591969 2.501791 0.000000 0.000000 0.000000 -0.591582 0.806245
82.800000000 2.598204 2.485928 0.000000 0.000000 0.000000 -0.590292 0.807190
82.850000000 2.601985 2.478111 0.000000 0.000000 0.000000 -0.587235 0.809416
82.900000000 2.605109 2.468338 0.000000 0.000000 0.000000 -0.588152 0.808751
82.950000000 2.609948 2.455844 0.000000 0.000000 0.000000 -0.589711 0.807614
83.000000000 2.613352 2.441888 0.000000 0.000000 0.000000 -0.592220 0.805777
83.050000000 2.614209 2.434782 0.000000 0.000000 0.000000 -0.591853 0.806046
83.100000000 2.619499 2.420282 0.000000 0.000000 0.000000 -0.589695 0.807626
83.150000000 2.623734 2.407445 0.000000 0.000000 0.000000 -0.587075 0.809533
83.200000000 2.625312 2.400583 0.000000 0.000000 0.000000 -0.587788 0.809015
83.250000000 2.628585 2.383540 0.000000 0.000000 0.000000 -0.590454 0.807072
83.300000000 2.632397 2.370251 0.000000 0.000000 0.000000 -0.595215 0.803566
83.350000000 2.636169 2.366773 0.000000 0.000000 0.000000 -0.603644 0.797254
83.400000000 2.640128 2.361769 0.000000 0.000000 0.000000 -0.607922 0.793997
83.450000000 2.641631 2.359830 0.000000 0.000000 0.000000 -0.611637 0.791138
83.500000000 2.642238 2.358916 0.000000 0.000000 0.000000 -0.616200 0.787590
83.550000000 2.642486 2.360360 0.000000 0.000000 0.000000 -0.623906 0.781500
83.600000000 2.641864 2.360055 0.000000 0.000000 0.000000 -0.628138 0.778102
83.650000000 2.640701 2.358344 0.000000 0.000000 0.000000 -0.633390 0.773832
83.700000000 2.640060 2.352313 0.000000 0.000000 0.000000 -0.631098 0.775703
83.750000000 2.640527 2.338132 0.000000 0.000000 0.000000 -0.625659 0.780096
83.800000000 2.640380 2.331617 0.000000 0.000000 0.000000 -0.624850 0.780745
83.850000000 2.641270 2.320850 0.000000 0.000000 0.000000 -0.631137 0.775671
83.900000000 2.645851 2.304583 0.000000 0.000000 0.000000 -0.641214 0.767362
83.950000000 2.645647 2.298606 0.000000 0.000000 0.000000 -0.651516 0.758635
84.000000000 2.645631 2.297616 0.000000 0.000000 0.000000 -0.654936 0.755684
84.050000000 2.650564 2.280024 0.000000 0.000000 0.000000 -0.659216 0.751954
84.100000000 2.648643 2.278959 0.000000 0.000000 0.000000 -0.660434 0.750884
84.150000000 2.647895 2.277042 0.000000 0.000000 0.000000 -0.669398 0.742904
84.200000000 2.647261 2.274731 0.000000 0.000000 0.000000 -0.676517 0.736427
84.250000000 2.646483 2.274118 0.000000 0.000000 0.000000 -0.683702 0.729761
84.300000000 2.646498 2.274548 0.000000 0.000000 0.000000 -0.687864 0.725840
84.350000000 2.646487 2.273544 0.000000 0.000000 0.000000 -0.691177 0.722686
84.400000000 2.645698 2.274520 0.000000 0.000000 0.000000 -0.693399 0.720554
84.450000000 2.646049 2.274311 0.000000 0.000000 0.000000 -0.701613 0.712558
84.500000000 2.646606 2.270601 0.000000 0.000000 0.000000 -0.706379 0.707834
84.550000000 2.644427 2.266342 0.000000 0.000000 0.000000 -0.706975 0.707239
84.600000000 2.640615 2.259696 0.000000 0.000000 0.000000 -0.703937 0.710263
84.650000000 2.638986 2.248582 0.000000 0.000000 0.000000 -0.700611 0.713544
84.700000000 2.639401 2.236470 0.000000 0.000000 0.000000 -0.699115 0.715010
84.750000000 2.640461 2.221631 0.000000 0.000000 0.000000 -0.699771 0.714367
84.800000000 2.644002 2.205450 0.000000 0.000000 0.000000 -0.700341 0.713809
84.850000000 2.644867 2.190751 0.000000 0.000000 0.000000 -0.703272 0.710921
84.900000000 2.647088 2.177562 0.000000 0.000000 0.000000 -0.702699 0.711488
84.950000000 2.648387 2.162652 0.000000 0.000000 0.000000 -0.700803 0.713355
85.000000000 2.649122 2.151647 0.000000 0.000000 0.000000 -0.699479 0.714654
85.050000000 2.651738 2.136188 0.000000 0.000000 0.000000 -0.700254 0.713894
85.100000000 2.652018 2.127936 0.000000 0.000000 0.000000 -0.700991 0.713170
85.150000000 2.650199 2.116879 0.000000 0.000000 0.000000 -0.703528 0.710668
85.200000000 2.650118 2.115307 0.000000 0.000000 0.000000 -0.702341 0.711841
85.250000000 2.647892 2.102289 0.000000 0.000000 0.000000 -0.700359 0.713791
85.300000000 2.647882 2.094533 0.000000 0.000000 0.000000 -0.699274 0.714854
85.350000000 2.648677 2.083217 0.000000 0.000000 0.000000 -0.700234 0.713913
85.400000000 2.644467 2.073270 0.000000 0.000000 0.000000 -0.700570 0.713584
85.450000000 2.644581 2.062751 0.000000 0.000000 0.000000 -0.704917 0.709290
85.500000000 2.639941 2.063544 0.000000 0.000000 0.000000 -0.709381 0.704825
85.550000000 2.640701 2.055580 0.000000 0.000000 0.000000 -0.715589 0.698522
85.600000000 2.639788 2.053413 0.000000 0.000000 0.000000 -0.718369 0.695662
85.650000000 2.637900 2.048708 0.000000 0.000000 0.000000 -0.726271 0.687409
85.700000000 2.635506 2.045655 0.000000 0.000000 0.000000 -0.731141 0.682226
85.750000000 2.633540 2.043954 0.000000 0.000000 0.000000 -0.733267 0.679941
85.800000000 2.628305 2.043525 0.000000 0.000000 0.000000 -0.731232 0.682129
85.850000000 2.624504 2.038826 0.000000 0.000000 0.000000 -0.729360 0.684130
85.900000000 2.623531 2.029073 0.000000 0.000000 0.000000 -0.727485 0.686124
85.950000000 2.623475 2.018219 0.000000 0.000000 0.000000 -0.727456 0.686154
86.000000000 2.623202 2.005309 0.000000 0.000000 0.000000 -0.728468 0.685080
86.050000000 2.623643 1.988715 0.000000 0.000000 0.000000 -0.731349 0.682004
86.100000000 2.624448 1.974370 0.000000 0.000000 0.000000 -0.730427 0.682990
86.150000000 2.621216 1.961835 0.000000 0.000000 0.000000 -0.727857 0.685729
86.200000000 2.621873 1.947195 0.000000 0.000000 0.000000 -0.726972 0.686667
86.250000000 2.623066 1.930648 0.000000 0.000000 0.000000 -0.727997 0.685581
86.300000000 2.623217 1.913948 0.000000 0.000000 0.000000 -0.728755 0.684775
86.350000000 2.622076 1.902373 0.000000 0.000000 0.000000 -0.730669 0.682732
86.400000000 2.621460 1.893077 0.000000 0.000000 0.000000 -0.730372 0.683050
86.450000000 2.619853 1.882013 0.000000 0.000000 0.000000 -0.728695 0.684839
86.500000000 2.610734 1.877886 0.000000 0.000000 0.000000 -0.726092 0.687597
86.550000000 2.611467 1.870959 0.000000 0.000000 0.000000 -0.727112 0.686519
86.600000000 2.610526 1.861135 0.000000 0.000000 0.000000 -0.727937 0.685644
86.650000000 2.610150 1.847472 0.000000 0.000000 0.000000 -0.731136 0.682232
86.700000000 2.612497 1.837240 0.000000 0.000000 0.000000 -0.731580 0.681755
86.750000000 2.610813 1.826426 0.000000 0.000000 0.000000 -0.729966 0.683483
86.800000000 2.601448 1.819516 0.000000 0.000000 0.000000 -0.727334 0.686283
86.850000000 2.600130 1.813081 0.000000 0.000000 0.000000 -0.727227 0.686397
86.900000000 2.599935 1.802526 0.000000 0.000000 0.000000 -0.727981 0.685597
86.950000000 2.601983 1.783226 0.000000 0.000000 0.000000 -0.730493 0.682921
87.000000000 2.605159 1.769338 0.000000 0.000000 0.000000 -0.732046 0.681256
87.050000000 2.602415 1.758821 0.000000 0.000000 0.000000 -0.729915 0.683538
87.100000000 2.593741 1.749835 0.000000 0.000000 0.000000 -0.726580 0.687082
87.150000000 2.596824 1.738478 0.000000 0.000000 0.000000 -0.727568 0.686035
87.200000000 2.593396 1.727900 0.000000 0.000000 0.000000 -0.727547 0.686057
87.250000000 2.590782 1.719476 0.000000 0.000000 0.000000 -0.729364 0.684126
87.300000000 2.586693 1.708236 0.000000 0.000000 0.000000 -0.730905 0.682479
87.350000000 2.586054 1.697600 0.000000 0.000000 0.000000 -0.730559 0.682849
87.400000000 2.583143 1.690750 0.000000 0.000000 0.000000 -0.729690 0.683778
87.450000000 2.581801 1.682599 0.000000 0.000000 0.000000 -0.727523 0.686083
87.500000000 2.580213 1.670390 0.000000 0.000000 0.000000 -0.727895 0.685689
87.550000000 2.581748 1.649739 0.000000 0.000000 0.000000 -0.729464 0.684019
87.600000000 2.587756 1.629670 0.000000 0.000000 0.000000 -0.732829 0.680413
87.650000000 2.583974 1.627504 0.000000 0.000000 0.000000 -0.729736 0.683729
87.700000000 2.582304 1.604708 0.000000 0.000000 0.000000 -0.728624 0.684913
87.750000000 2.582338 1.597500 0.000000 0.000000 0.000000 -0.726810 0.686838
87.800000000 2.581707 1.587902 0.000000 0.000000 0.000000 -0.727441 0.686171
87.850000000 2.581495 1.568258 0.000000 0.000000 0.000000 -0.728825 0.684700
87.900000000 2.582833 1.556335 0.000000 0.000000 0.000000 -0.731265 0.682093
87.950000000 2.584490 1.546502 0.000000 0.000000 0.000000 -0.731015 0.682362
88.000000000 2.576406 1.540411 0.000000 0.000000 0.000000 -0.729708 0.683759
88.050000000 2.575956 1.531888 0.000000 0.000000 0.000000 -0.736811 0.676098
88.100000000 2.574957 1.523252 0.000000 0.000000 0.000000 -0.742292 0.670076
88.150000000 2.574943 1.516527 0.000000 0.000000 0.000000 -0.749889 0.661564
88.200000000 2.572028 1.513874 0.000000 0.000000 0.000000 -0.754122 0.656735
88.250000000 2.570779 1.518101 0.000000 0.000000 0.000000 -0.761447 0.648227
88.300000000 2.571478 1.519591 0.000000 0.000000 0.000000 -0.765351 0.643613
88.350000000 2.571250 1.522490 0.000000 0.000000 0.000000 -0.768107 0.640322
88.400000000 2.576895 1.521677 0.000000 0.000000 0.000000 -0.772092 0.635511
88.450000000 2.566284 1.531434 0.000000 0.000000 0.000000 -0.776502 0.630115
88.500000000 2.566464 1.526497 0.000000 0.000000 0.000000 -0.782320 0.622876
88.550000000 2.572542 1.520116 0.000000 0.000000 0.000000 -0.789625 0.613590
88.600000000 2.571238 1.518979 0.000000 0.000000 0.000000 -0.791108 0.611676
88.650000000 2.560325 1.522413 0.000000 0.000000 0.000000 -0.790968 0.611858
88.700000000 2.561294 1.519937 0.000000 0.000000 0.000000 -0.791042 0.611762
88.750000000 2.560871 1.512557 0.000000 0.000000 0.000000 -0.790482 0.612485
88.800000000 2.558650 1.499317 0.000000 0.000000 0.000000 -0.792273 0.610167
88.850000000 2.555017 1.497361 0.000000 0.000000 0.000000 -0.792567 0.609784
88.900000000 2.550953 1.483271 0.000000 0.000000 0.000000 -0.792025 0.610489
88.950000000 2.543319 1.465441 0.000000 0.000000 0.000000 -0.789460 0.613802
89.000000000 2.537630 1.460645 0.000000 0.000000 0.000000 -0.788606 0.614899
89.050000000 2.532459 1.447418 0.000000 0.000000 0.000000 -0.790080 0.613003
89.100000000 2.527670 1.432965 0.000000 0.000000 0.000000 -0.791787 0.610797
89.150000000 2.529183 1.419404 0.000000 0.000000 0.000000 -0.794389 0.607410
89.200000000 2.514736 1.412681 0.000000 0.000000 0.000000 -0.788988 0.614409
89.250000000 2.509996 1.399084 0.000000 0.000000 0.000000 -0.789249 0.614073
89.300000000 2.504694 1.384173 0.000000 0.000000 0.000000 -0.789508 0.613740
89.350000000 2.499171 1.374124 0.000000 0.000000 0.000000 -0.790897 0.611949
89.400000000 2.496835 1.359424 0.000000 0.000000 0.000000 -0.793745 0.608250
89.450000000 2.489176 1.357100 0.000000 0.000000 0.000000 -0.791512 0.611153
89.500000000 2.483486 1.348024 0.000000 0.000000 0.000000 -0.791523 0.611139
89.550000000 2.476563 1.344183 0.000000 0.000000 0.000000 -0.788003 0.615671
89.600000000 2.473568 1.334246 0.000000 0.000000 0.000000 -0.789333 0.613965
89.650000000 2.469386 1.327797 0.000000 0.000000 0.000000 -0.789964 0.613153
89.700000000 2.468225 1.321634 0.000000 0.000000 0.000000 -0.796482 0.604663
89.750000000 2.473236 1.308578 0.000000 0.000000 0.000000 -0.805791 0.592200
89.800000000 2.473717 1.303813 0.000000 0.000000 0.000000 -0.808161 0.588962
89.850000000 2.474071 1.301746 0.000000 0.000000 0.000000 -0.810737 0.585410
89.900000000 2.476713 1.299957 0.000000 0.000000 0.000000 -0.814080 0.580753
89.950000000 2.478360 1.302216 0.000000 0.000000 0.000000 -0.820518 0.571621
90.000000000 2.477490 1.304086 0.000000 0.000000 0.000000 -0.824169 0.566344
90.050000000 2.475949 1.306215 0.000000 0.000000 0.000000 -0.830211 0.557450
90.100000000 2.474687 1.304055 0.000000 0.000000 0.000000 -0.832765 0.553626
90.150000000 2.465274 1.305902 0.000000 0.000000 0.000000 -0.827110 0.562040
90.200000000 2.462197 1.300376 0.000000 0.000000 0.000000 -0.826894 0.562358
90.250000000 2.458767 1.289450 0.000000 0.000000 0.000000 -0.826242 0.563316
90.300000000 2.452911 1.282035 0.000000 0.000000 0.000000 -0.827195 0.561915
90.350000000 2.449743 1.266719 0.000000 0.000000 0.000000 -0.830844 0.556505
90.400000000 2.434232 1.259048 0.000000 0.000000 0.000000 -0.827429 0.561570
90.450000000 2.424755 1.235979 0.000000 0.000000 0.000000 -0.827326 0.561722
90.500000000 2.418269 1.221543 0.000000 0.000000 0.000000 -0.826209 0.563364
90.550000000 2.407143 1.205641 0.000000 0.000000 0.000000 -0.827560 0.561377
90.600000000 2.391078 1.202979 0.000000 0.000000 0.000000 -0.833169 0.553019
90.650000000 2.393803 1.191774 0.000000 0.000000 0.000000 -0.842590 0.538556
90.700000000 2.388309 1.193570 0.000000 0.000000 0.000000 -0.843008 0.537901
90.750000000 2.390166 1.192147 0.000000 0.000000 0.000000 -0.847403 0.530950
90.800000000 2.394431 1.188217 0.000000 0.000000 0.000000 -0.849388 0.527769
90.850000000 2.391626 1.195279 0.000000 0.000000 0.000000 -0.846824 0.531873
90.900000000 2.393522 1.187092 0.000000 0.000000 0.000000 -0.848914 0.528532
90.950000000 2.394520 1.177339 0.000000 0.000000 0.000000 -0.849890 0.526960
91.000000000 2.378734 1.178948 0.000000 0.000000 0.000000 -0.846793 0.531923
91.050000000 2.374931 1.171428 0.000000 0.000000 0.000000 -0.852538 0.522665
91.100000000 2.367013 1.172511 0.000000 0.000000 0.000000 -0.855649 0.517556
91.150000000 2.361053 1.167316 0.000000 0.000000 0.000000 -0.861848 0.507167
91.200000000 2.351380 1.170431 0.000000 0.000000 0.000000 -0.863954 0.503570
91.250000000 2.345306 1.170052 0.000000 0.000000 0.000000 -0.869416 0.494081
91.300000000 2.345884 1.166323 0.000000 0.000000 0.000000 -0.873212 0.487341
91.350000000 2.341209 1.172807 0.000000 0.000000 0.000000 -0.873874 0.486152
91.400000000 2.348363 1.162939 0.000000 0.000000 0.000000 -0.878938 0.476937
91.450000000 2.349292 1.159940 0.000000 0.000000 0.000000 -0.883418 0.468586
91.500000000 2.340521 1.162133 0.000000 0.000000 0.000000 -0.884175 0.467155
91.550000000 2.346250 1.154485 0.000000 0.000000 0.000000 -0.892355 0.451334
91.600000000 2.342725 1.155399 0.000000 0.000000 0.000000 -0.892792 0.450469
91.650000000 2.342760 1.156755 0.000000 0.000000 0.000000 -0.894931 0.446205
91.700000000 2.343082 1.155341 0.000000 0.000000 0.000000 -0.896693 0.442653
91.750000000 2.344213 1.150309 0.000000 0.000000 0.000000 -0.902566 0.430551
91.800000000 2.339869 1.151598 0.000000 0.000000 0.000000 -0.904574 0.426317
91.850000000 2.340961 1.142940 0.000000 0.000000 0.000000 -0.910985 0.412439
91.900000000 2.339975 1.141009 0.000000 0.000000 0.000000 -0.911856 0.410510
91.950000000 2.331135 1.144274 0.000000 0.000000 0.000000 -0.912800 0.408407
92.000000000 2.334245 1.134804 0.000000 0.000000 0.000000 -0.916712 0.399550
92.050000000 2.332109 1.138007 0.000000 0.000000 0.000000 -0.918433 0.395577
92.100000000 2.329833 1.137026 0.000000 0.000000 0.000000 -0.920175 0.391508
92.150000000 2.324549 1.136496 0.000000 0.000000 0.000000 -0.926024 0.377464
92.200000000 2.322225 1.139167 0.000000 0.000000 0.000000 -0.928473 0.371399
92.250000000 2.320364 1.137220 0.000000 0.000000 0.000000 -0.930449 0.366421
92.300000000 2.322815 1.127082 0.000000 0.000000 0.000000 -0.933057 0.359727
92.350000000 2.317921 1.124175 0.000000 0.000000 0.000000 -0.936744 0.350016
92.400000000 2.305611 1.130628 0.000000 0.000000 0.000000 -0.937783 0.347223
92.450000000 2.307579 1.125782 0.000000 0.000000 0.000000 -0.943240 0.332111
92.500000000 2.307359 1.124866 0.000000 0.000000 0.000000 -0.944509 0.328485
92.550000000 2.297896 1.131204 0.000000 0.000000 0.000000 -0.944797 0.327656
92.600000000 2.301465 1.120598 0.000000 0.000000 0.000000 -0.948597 0.316486
92.650000000 2.299739 1.118531 0.000000 0.000000 0.000000 -0.951073 0.308967
92.700000000 2.294223 1.115243 0.000000 0.000000 0.000000 -0.952709 0.303883
92.750000000 2.290824 1.112419 0.000000 0.000000 0.000000 -0.957047 0.289934
92.800000000 2.289764 1.110453 0.000000 0.000000 0.000000 -0.958349 0.285599
92.850000000 2.284941 1.114311 0.000000 0.000000 0.000000 -0.959466 0.281824
92.900000000 2.287695 1.105550 0.000000 0.000000 0.000000 -0.962414 0.271586
92.950000000 2.280412 1.112544 0.000000 0.000000 0.000000 -0.963772 0.266726
93.000000000 2.277085 1.110220 0.000000 0.000000 0.000000 -0.966134 0.258042
93.050000000 2.275294 1.107796 0.000000 0.000000 0.000000 -0.969084 0.246731
93.100000000 2.272228 1.107557 0.000000 0.000000 0.000000 -0.969767 0.244032
93.150000000 2.269529 1.104978 0.000000 0.000000 0.000000 -0.969361 0.245639
93.200000000 2.265789 1.101350 0.000000 0.000000 0.000000 -0.968642 0.248460
93.250000000 2.258239 1.095979 0.000000 0.000000 0.000000 -0.969067 0.246796
93.300000000 2.246917 1.090518 0.000000 0.000000 0.000000 -0.970075 0.242806
93.350000000 2.232250 1.091002 0.000000 0.000000 0.000000 -0.969240 0.246119
93.400000000 2.218054 1.086108 0.000000 0.000000 0.000000 -0.969182 0.246346
93.450000000 2.205884 1.073412 0.000000 0.000000 0.000000 -0.968869 0.247574
93.500000000 2.190472 1.075162 0.000000 0.000000 0.000000 -0.967840 0.251565
93.550000000 2.178618 1.069191 0.000000 0.000000 0.000000 -0.968967 0.247190
93.600000000 2.162788 1.063682 0.000000 0.000000 0.000000 -0.970297 0.241917
93.650000000 2.152781 1.057019 0.000000 0.000000 0.000000 -0.972852 0.231428
93.700000000 2.145541 1.050596 0.000000 0.000000 0.000000 -0.974609 0.223915
93.750000000 2.141252 1.046560 0.000000 0.000000 0.000000 -0.975520 0.219913
93.800000000 2.141054 1.048861 0.000000 0.000000 0.000000 -0.976682 0.214690
93.850000000 2.141794 1.049726 0.000000 0.000000 0.000000 -0.979316 0.202338
93.900000000 2.140025 1.055542 0.000000 0.000000 0.000000 -0.980413 0.196955
93.950000000 2.140139 1.054289 0.000000 0.000000 0.000000 -0.982635 0.185548
94.000000000 2.139795 1.055559 0.000000 0.000000 0.000000 -0.983608 0.180318
94.050000000 2.139198 1.058449 0.000000 0.000000 0.000000 -0.984280 0.176616
94.100000000 2.137245 1.059360 0.000000 0.000000 0.000000 -0.985093 0.172021
94.150000000 2.136968 1.057622 0.000000 0.000000 0.000000 -0.987182 0.159596
94.200000000 2.134716 1.058686 0.000000 0.000000 0.000000 -0.987908 0.155038
94.250000000 2.130747 1.060192 0.000000 0.000000 0.000000 -0.987980 0.154583
94.300000000 2.122191 1.063689 0.000000 0.000000 0.000000 -0.987169 0.159678
94.350000000 2.110497 1.062169 0.000000 0.000000 0.000000 -0.986388 0.164436
94.400000000 2.099099 1.056373 0.000000 0.000000 0.000000 -0.986503 0.163743
94.450000000 2.081135 1.055201 0.000000 0.000000 0.000000 -0.986344 0.164697
94.500000000 2.067335 1.050659 0.000000 0.000000 0.000000 -0.988458 0.151493
94.550000000 2.055419 1.044422 0.000000 0.000000 0.000000 -0.990343 0.138636
94.600000000 2.047904 1.037258 0.000000 0.000000 0.000000 -0.991092 0.133177
94.650000000 2.043876 1.032997 0.000000 0.000000 0.000000 -0.991504 0.130075
94.700000000 2.043338 1.031509 0.000000 0.000000 0.000000 -0.991859 0.127337
94.750000000 2.042557 1.025965 0.000000 0.000000 0.000000 -0.992062 0.125749
94.800000000 2.037461 1.024777 0.000000 0.000000 0.000000 -0.991993 0.126292
94.850000000 2.030306 1.027702 0.000000 0.000000 0.000000 -0.991832 0.127554
94.900000000 2.018690 1.028455 0.000000 0.000000 0.000000 -0.991586 0.129451
94.950000000 2.006688 1.024392 0.000000 0.000000 0.000000 -0.991438 0.130575
95.000000000 1.997286 1.026042 0.000000 0.000000 0.000000 -0.992078 0.125621
95.050000000 1.986676 1.026261 0.000000 0.000000 0.000000 -0.993881 0.110455
95.100000000 1.983186 1.022179 0.000000 0.000000 0.000000 -0.994992 0.099952
95.150000000 1.975130 1.025075 0.000000 0.000000 0.000000 -0.995992 0.089442
95.200000000 1.971774 1.022105 0.000000 0.000000 0.000000 -0.996432 0.084400
95.250000000 1.970190 1.021862 0.000000 0.000000 0.000000 -0.996784 0.080132
95.300000000 1.971202 1.019693 0.000000 0.000000 0.000000 -0.997289 0.073580
95.350000000 1.970247 1.023628 0.000000 0.000000 0.000000 -0.998157 0.060682
95.400000000 1.966293 1.025474 0.000000 0.000000 0.000000 -0.998339 0.057605
95.450000000 1.963618 1.029158 0.000000 0.000000 0.000000 -0.998825 0.048468
95.500000000 1.961492 1.035194 0.000000 0.000000 0.000000 -0.999060 0.043342
95.550000000 1.961708 1.038111 0.000000 0.000000 0.000000 -0.999271 0.038169
95.600000000 1.961043 1.035770 0.000000 0.000000 0.000000 -0.999577 0.029071
95.650000000 1.958737 1.036122 0.000000 0.000000 0.000000 -0.999835 0.018163
95.700000000 1.957970 1.032976 0.000000 0.000000 0.000000 -0.999940 0.010970
95.750000000 1.953121 1.036321 0.000000 0.000000 0.000000 -0.999974 0.007207
95.800000000 1.945854 1.040697 0.000000 0.000000 0.000000 -0.999939 0.011030
95.850000000 1.935273 1.035993 0.000000 0.000000 0.000000 -0.999876 0.015765
95.900000000 1.924482 1.035149 0.000000 0.000000 0.000000 -0.999843 0.017733
95.950000000 1.910767 1.035296 0.000000 0.000000 0.000000 -0.999873 0.015958
96.000000000 1.897186 1.032659 0.000000 0.000000 0.000000 -0.999927 0.012122
96.050000000 1.881509 1.034675 0.000000 0.000000 0.000000 -0.999914 0.013100
96.100000000 1.863744 1.034643 0.000000 0.000000 0.000000 -0.999895 0.014492
96.150000000 1.848555 1.034966 0.000000 0.000000 0.000000 -0.999886 0.015129
96.200000000 1.837103 1.040140 0.000000 0.000000 0.000000 -0.999952 0.009818
96.250000000 1.824725 1.051281 0.000000 0.000000 0.000000 0.999999 0.001629
96.300000000 1.817145 1.056731 0.000000 0.000000 0.000000 0.999924 0.012324
96.350000000 1.815186 1.056246 0.000000 0.000000 0.000000 0.999712 0.024005
96.400000000 1.812828 1.055189 0.000000 0.000000 0.000000 0.999567 0.029417
96.450000000 1.812865 1.058031 0.000000 0.000000 0.000000 0.999425 0.033906
96.500000000 1.814577 1.056757 0.000000 0.000000 0.000000 0.999292 0.037613
96.550000000 1.817646 1.053991 0.000000 0.000000 0.000000 0.998800 0.048973
96.600000000 1.818882 1.055247 0.000000 0.000000 0.000000 0.998465 0.055383
96.650000000 1.819883 1.061517 0.000000 0.000000 0.000000 0.997994 0.063311
96.700000000 1.820071 1.059640 0.000000 0.000000 0.000000 0.997367 0.072521
96.750000000 1.815288 1.067613 0.000000 0.000000 0.000000 0.997266 0.073901
96.800000000 1.808063 1.071563 0.000000 0.000000 0.000000 0.997547 0.069993
96.850000000 1.801762 1.070283 0.000000 0.000000 0.000000 0.997597 0.069278
96.900000000 1.791736 1.069142 0.000000 0.000000 0.000000 0.997396 0.072114
96.950000000 1.779010 1.072613 0.000000 0.000000 0.000000 0.997197 0.074824
97.000000000 1.765646 1.073980 0.000000 0.000000 0.000000 0.997257 0.074016
97.050000000 1.749456 1.076568 0.000000 0.000000 0.000000 0.996774 0.080258
97.100000000 1.735760 1.078119 0.000000 0.000000 0.000000 0.996359 0.085261
97.150000000 1.724391 1.086580 0.000000 0.000000 0.000000 0.995622 0.093471
97.200000000 1.716175 1.094475 0.000000 0.000000 0.000000 0.994764 0.102198
97.250000000 1.709729 1.102908 0.000000 0.000000 0.000000 0.993703 0.112049
97.300000000 1.707539 1.104396 0.000000 0.000000 0.000000 0.993022 0.117930
97.350000000 1.707318 1.106246 0.000000 0.000000 0.000000 0.992125 0.125254
97.400000000 1.706879 1.106665 0.000000 0.000000 0.000000 0.991604 0.129312
97.450000000 1.709766 1.102749 0.000000 0.000000 0.000000 0.990541 0.137215
97.500000000 1.712580 1.102279 0.000000 0.000000 0.000000 0.989250 0.146235
97.550000000 1.713241 1.104935 0.000000 0.000000 0.000000 0.987965 0.154681
97.600000000 1.714154 1.103853 0.000000 0.000000 0.000000 0.986661 0.162788
97.650000000 1.714629 1.105906 0.000000 0.000000 0.000000 0.985323 0.170700
97.700000000 1.713170 1.109272 0.000000 0.000000 0.000000 0.985045 0.172297
97.750000000 1.711341 1.107928 0.000000 0.000000 0.000000 0.983794 0.179305
97.800000000 1.707478 1.110997 0.000000 0.000000 0.000000 0.982714 0.185131
97.850000000 1.703456 1.110497 0.000000 0.000000 0.000000 0.982759 0.184889
97.900000000 1.698457 1.114827 0.000000 0.000000 0.000000 0.983019 0.183502
97.950000000 1.690062 1.120511 0.000000 0.000000 0.000000 0.983202 0.182522
98.000000000 1.678926 1.127329 0.000000 0.000000 0.000000 0.982951 0.183870
98.050000000 1.668187 1.133799 0.000000 0.000000 0.000000 0.981210 0.192944
98.100000000 1.658364 1.142513 0.000000 0.000000 0.000000 0.979440 0.201737
98.150000000 1.649044 1.147769 0.000000 0.000000 0.000000 0.976882 0.213777
98.200000000 1.642425 1.149362 0.000000 0.000000 0.000000 0.976334 0.216269
98.250000000 1.636841 1.148277 0.000000 0.000000 0.000000 0.976257 0.216613
98.300000000 1.631307 1.150739 0.000000 0.000000 0.000000 0.976971 0.213373
98.350000000 1.621429 1.149781 0.000000 0.000000 0.000000 0.978197 0.207680
98.400000000 1.611889 1.150583 0.000000 0.000000 0.000000 0.977796 0.209557
98.450000000 1.600800 1.152200 0.000000 0.000000 0.000000 0.976770 0.214288
98.500000000 1.591838 1.153278 0.000000 0.000000 0.000000 0.975209 0.221287
98.550000000 1.581398 1.154554 0.000000 0.000000 0.000000 0.973188 0.230011
98.600000000 1.570418 1.156503 0.000000 0.000000 0.000000 0.974575 0.224060
98.650000000 1.562493 1.154823 0.000000 0.000000 0.000000 0.975412 0.220389
98.700000000 1.553847 1.156287 0.000000 0.000000 0.000000 0.975143 0.221577
98.750000000 1.545343 1.162147 0.000000 0.000000 0.000000 0.974650 0.223737
98.800000000 1.533551 1.168867 0.000000 0.000000 0.000000 0.974304 0.225236
98.850000000 1.521615 1.177153 0.000000 0.000000 0.000000 0.974644 0.223762
98.900000000 1.508867 1.186829 0.000000 0.000000 0.000000 0.975098 0.221774
98.950000000 1.498506 1.196533 0.000000 0.000000 0.000000 0.975685 0.219178
99.000000000 1.490470 1.206324 0.000000 0.000000 0.000000 0.974755 0.223278
99.050000000 1.482114 1.219418 0.000000 0.000000 0.000000 0.971638 0.236472
99.100000000 1.476783 1.225574 0.000000 0.000000 0.000000 0.969507 0.245065
99.150000000 1.472361 1.226584 0.000000 0.000000 0.000000 0.967376 0.253344
99.200000000 1.469174 1.229517 0.000000 0.000000 0.000000 0.967326 0.253537
99.250000000 1.465815 1.227945 0.000000 0.000000 0.000000 0.968996 0.247075
99.300000000 1.462341 1.228079 0.000000 0.000000 0.000000 0.969003 0.247048
99.350000000 1.456380 1.227433 0.000000 0.000000 0.000000 0.968143 0.250400
99.400000000 1.446376 1.233611 0.000000 0.000000 0.000000 0.967860 0.251490
99.450000000 1.437194 1.239271 0.000000 0.000000 0.000000 0.968294 0.249813
99.500000000 1.425276 1.248483 0.000000 0.000000 0.000000 0.968869 0.247574
99.550000000 1.414759 1.253967 0.000000 0.000000 0.000000 0.969356 0.245660
99.600000000 1.406074 1.262740 0.000000 0.000000 0.000000 0.968131 0.250442
99.650000000 1.398638 1.271210 0.000000 0.000000 0.000000 0.964330 0.264702
99.700000000 1.393950 1.278213 0.000000 0.000000 0.000000 0.962276 0.272074
99.750000000 1.386952 1.280045 0.000000 0.000000 0.000000 0.960431 0.278516
99.800000000 1.381001 1.285965 0.000000 0.000000 0.000000 0.961819 0.273686
99.850000000 1.375394 1.288592 0.000000 0.000000 0.000000 0.963546 0.267542
99.900000000 1.370088 1.291190 0.000000 0.000000 0.000000 0.963276 0.268511
99.950000000 1.363706 1.295600 0.000000 0.000000 0.000000 0.962738 0.270437
100.000000000 1.356786 1.301490 0.000000 0.000000 0.000000 0.961935 0.273280
100.050000000 1.348262 1.308029 0.000000 0.000000 0.000000 0.962129 0.272594
100.100000000 1.337854 1.317607 0.000000 0.000000 0.000000 0.962669 0.270680
100.150000000 1.326751 1.326241 0.000000 0.000000 0.000000 0.963663 0.267122
100.200000000 1.314985 1.327869 0.000000 0.000000 0.000000 0.963498 0.267717
100.250000000 1.304547 1.340274 0.000000 0.000000 0.000000 0.963018 0.269437
100.300000000 1.292671 1.350615 0.000000 0.000000 0.000000 0.962386 0.271685
100.350000000 1.279545 1.360412 0.000000 0.000000 0.000000 0.962679 0.270646
100.400000000 1.266852 1.368193 0.000000 0.000000 0.000000 0.962813 0.270170
100.450000000 1.259750 1.373343 0.000000 0.000000 0.000000 0.962292 0.272019
100.500000000 1.255113 1.380545 0.000000 0.000000 0.000000 0.960202 0.279307
100.550000000 1.249980 1.384955 0.000000 0.000000 0.000000 0.957946 0.286950
100.600000000 1.244694 1.389316 0.000000 0.000000 0.000000 0.957876 0.287181
100.650000000 1.240030 1.395446 0.000000 0.000000 0.000000 0.958428 0.285334
100.700000000 1.233590 1.399876 0.000000 0.000000 0.000000 0.958590 0.284791
100.750000000 1.224069 1.404850 0.000000 0.000000 0.000000 0.959459 0.281848
100.800000000 1.213510 1.406951 0.000000 0.000000 0.000000 0.959723 0.280947
100.850000000 1.202235 1.411148 0.000000 0.000000 0.000000 0.958807 0.284057
100.900000000 1.191046 1.415552 0.000000 0.000000 0.000000 0.958246 0.285944
100.950000000 1.181051 1.421295 0.000000 0.000000 0.000000 0.958472 0.285186
101.000000000 1.166828 1.428826 0.000000 0.000000 0.000000 0.958479 0.285163
101.050000000 1.152446 1.436136 0.000000 0.000000 0.000000 0.959354 0.282205
101.100000000 1.143078 1.440112 0.000000 0.000000 0.000000 0.959496 0.281721
101.150000000 1.136188 1.443646 0.000000 0.000000 0.000000 0.956189 0.292751
101.200000000 1.129748 1.450069 0.000000 0.000000 0.000000 0.953054 0.302802
101.250000000 1.127865 1.450324 0.000000 0.000000 0.000000 0.949227 0.314593
101.300000000 1.123103 1.449317 0.000000 0.000000 0.000000 0.947336 0.320241
101.350000000 1.121985 1.451084 0.000000 0.000000 0.000000 0.945497 0.325630
101.400000000 1.123948 1.450134 0.000000 0.000000 0.000000 0.944475 0.328584
101.450000000 1.126766 1.446870 0.000000 0.000000 0.000000 0.941733 0.336361
101.500000000 1.128693 1.448847 0.000000 0.000000 0.000000 0.943488 0.331407
101.550000000 1.130140 1.448853 0.000000 0.000000 0.000000 0.942025 0.335543
101.600000000 1.128865 1.457334 0.000000 0.000000 0.000000 0.942988 0.332825
101.650000000 1.124324 1.475057 0.000000 0.000000 0.000000 0.944557 0.328348
101.700000000 1.116007 1.486801 0.000000 0.000000 0.000000 0.944701 0.327932
101.750000000 1.105210 1.498842 0.000000 0.000000 0.000000 0.944410 0.328770
101.800000000 1.091519 1.512160 0.000000 0.000000 0.000000 0.943648 0.330952
101.850000000 1.080810 1.522681 0.000000 0.000000 0.000000 0.942630 0.333840
101.900000000 1.069204 1.531341 0.000000 0.000000 0.000000 0.942966 0.332888
101.950000000 1.055073 1.543190 0.000000 0.000000 0.000000 0.944460 0.328628
102.000000000 1.044965 1.547318 0.000000 0.000000 0.000000 0.944407 0.328779
102.050000000 1.033813 1.555134 0.000000 0.000000 0.000000 0.944501 0.328509
102.100000000 1.023262 1.562185 0.000000 0.000000 0.000000 0.944144 0.329533
102.150000000 1.013220 1.566706 0.000000 0.000000 0.000000 0.942978 0.332855
102.200000000 1.003380 1.572522 0.000000 0.000000 0.000000 0.943282 0.331992
102.250000000 0.992199 1.578817 0.000000 0.000000 0.000000 0.944221 0.329313
102.300000000 0.983811 1.578993 0.000000 0.000000 0.000000 0.944439 0.328687
102.350000000 0.974447 1.584652 0.000000 0.000000 0.000000 0.943645 0.330960
102.400000000 0.966090 1.589519 0.000000 0.000000 0.000000 0.942878 0.333138
102.450000000 0.957326 1.594710 0.000000 0.000000 0.000000 0.942638 0.333817
102.500000000 0.948920 1.601467 0.000000 0.000000 0.000000 0.942923 0.333011
102.550000000 0.938630 1.609606 0.000000 0.000000 0.000000 0.944409 0.328774
102.600000000 0.932287 1.613483 0.000000 0.000000 0.000000 0.944385 0.328842
102.650000000 0.923887 1.620339 0.000000 0.000000 0.000000 0.943864 0.330334
102.700000000 0.915730 1.629271 0.000000 0.000000 0.000000 0.943075 0.332579
102.750000000 0.911846 1.631663 0.000000 0.000000 0.000000 0.942706 0.333624
102.800000000 0.902048 1.641015 0.000000 0.000000 0.000000 0.943136 0.332407
102.850000000 0.891599 1.651136 0.000000 0.000000 0.000000 0.944042 0.329826
102.900000000 0.888133 1.652489 0.000000 0.000000 0.000000 0.944392 0.328823
102.950000000 0.880056 1.661740 0.000000 0.000000 0.000000 0.944035 0.329844
103.000000000 0.871627 1.671432 0.000000 0.000000 0.000000 0.943375 0.331729
103.050000000 0.865033 1.673936 0.000000 0.000000 0.000000 0.942538 0.334099
103.100000000 0.857332 1.682061 0.000000 0.000000 0.000000 0.943073 0.332584
103.150000000 0.847302 1.693093 0.000000 0.000000 0.000000 0.943894 0.330249
103.200000000 0.842218 1.691414 0.000000 0.000000 0.000000 0.944281 0.329139
103.250000000 0.833641 1.698370 0.000000 0.000000 0.000000 0.944206 0.329354
103.300000000 0.823291 1.709195 0.000000 0.000000 0.000000 0.943342 0.331822
103.350000000 0.816633 1.714261 0.000000 0.000000 0.000000 0.942443 0.334367
103.400000000 0.808108 1.721399 0.000000 0.000000 0.000000 0.942794 0.333374
103.450000000 0.799154 1.730440 0.000000 0.000000 0.000000 0.943444 0.331532
103.500000000 0.789452 1.737052 0.000000 0.000000 0.000000 0.944520 0.328454
103.550000000 0.781132 1.741095 0.000000 0.000000 0.000000 0.944138 0.329550
103.600000000 0.773224 1.749212 0.000000 0.000000 0.000000 0.943184 0.332270
103.650000000 0.766241 1.753176 0.000000 0.000000 0.000000 0.937792 0.347197
103.700000000 0.759903 1.753939 0.000000 0.000000 0.000000 0.934652 0.355564
103.750000000 0.753988 1.754992 0.000000 0.000000 0.000000 0.931503 0.363734
103.800000000 0.750492 1.756464 0.000000 0.000000 0.000000 0.930809 0.365506
103.850000000 0.752871 1.753837 0.000000 0.000000 0.000000 0.927068 0.374892
103.900000000 0.754671 1.752362 0.000000 0.000000 0.000000 0.924430 0.381351
103.950000000 0.756504 1.753657 0.000000 0.000000 0.000000 0.921036 0.389478
104.000000000 0.758350 1.749161 0.000000 0.000000 0.000000 0.920959 0.389660
104.050000000 0.759623 1.754833 0.000000 0.000000 0.000000 0.922909 0.385017
104.100000000 0.756633 1.766550 0.000000 0.000000 0.000000 0.924439 0.381330
104.150000000 0.751878 1.773050 0.000000 0.000000 0.000000 0.925269 0.379312
104.200000000 0.743339 1.784042 0.000000 0.000000 0.000000 0.924927 0.380145
104.250000000 0.732751 1.797012 0.000000 0.000000 0.000000 0.923243 0.384218
104.300000000 0.724467 1.804768 0.000000 0.000000 0.000000 0.922841 0.385181
104.350000000 0.715055 1.814791 0.000000 0.000000 0.000000 0.923388 0.383868
104.400000000 0.704325 1.826531 0.000000 0.000000 0.000000 0.923585 0.383394
104.450000000 0.692899 1.835044 0.000000 0.000000 0.000000 0.925144 0.379617
104.500000000 0.682794 1.843277 0.000000 0.000000 0.000000 0.924686 0.380731
104.550000000 0.670251 1.853306 0.000000 0.000000 0.000000 0.923940 0.382537
104.600000000 0.659912 1.861777 0.000000 0.000000 0.000000 0.923143 0.384457
104.650000000 0.649464 1.869472 0.000000 0.000000 0.000000 0.923406 0.383824
104.700000000 0.637820 1.881077 0.000000 0.000000 0.000000 0.924719 0.380650
104.750000000 0.630357 1.884320 0.000000 0.000000 0.000000 0.925356 0.379098
104.800000000 0.621596 1.888410 0.000000 0.000000 0.000000 0.925332 0.379158
104.850000000 0.615361 1.896002 0.000000 0.000000 0.000000 0.923355 0.383948
104.900000000 0.607664 1.900193 0.000000 0.000000 0.000000 0.923453 0.383712
104.950000000 0.601603 1.904532 0.000000 0.000000 0.000000 0.925516 0.378708
105.000000000 0.594879 1.909163 0.000000 0.000000 0.000000 0.930403 0.366538
105.050000000 0.590850 1.912303 0.000000 0.000000 0.000000 0.935574 0.353132
105.100000000 0.592613 1.911578 0.000000 0.000000 0.000000 0.937168 0.348878
105.150000000 0.593355 1.912385 0.000000 0.000000 0.000000 0.940237 0.340522
105.200000000 0.594333 1.913824 0.000000 0.000000 0.000000 0.940415 0.340030
105.250000000 0.596255 1.909755 0.000000 0.000000 0.000000 0.942498 0.334213
105.300000000 0.598162 1.911052 0.000000 0.000000 0.000000 0.941620 0.336678
105.350000000 0.594505 1.921326 0.000000 0.000000 0.000000 0.941999 0.335616
105.400000000 0.589986 1.924045 0.000000 0.000000 0.000000 0.942357 0.334609
105.450000000 0.580201 1.931084 0.000000 0.000000 0.000000 0.941997 0.335620
105.500000000 0.569697 1.939527 0.000000 0.000000 0.000000 0.941589 0.336763
105.550000000 0.560679 1.944513 0.000000 0.000000 0.000000 0.940512 0.339761
105.600000000 0.547490 1.955360 0.000000 0.000000 0.000000 0.941160 0.337961
105.650000000 0.532979 1.968502 0.000000 0.000000 0.000000 0.941576 0.336801
105.700000000 0.520619 1.972100 0.000000 0.000000 0.000000 0.942617 0.333875
105.750000000 0.512602 1.979557 0.000000 0.000000 0.000000 0.941662 0.336559
105.800000000 0.500902 1.990677 0.000000 0.000000 0.000000 0.941132 0.338040
105.850000000 0.492306 1.997130 0.000000 0.000000 0.000000 0.940400 0.340072
105.900000000 0.483198 2.005542 0.000000 0.000000 0.000000 0.941769 0.336262
105.950000000 0.473647 2.009806 0.000000 0.000000 0.000000 0.946229 0.323498
106.000000000 0.469676 2.011613 0.000000 0.000000 0.000000 0.949464 0.313875
106.050000000 0.470920 2.006791 0.000000 0.000000 0.000000 0.952571 0.304316
106.100000000 0.470307 2.010464 0.000000 0.000000 0.000000 0.954102 0.299483
106.150000000 0.470804 2.010781 0.000000 0.000000 0.000000 0.955354 0.295463
106.200000000 0.472916 2.010296 0.000000 0.000000 0.000000 0.957741 0.287634
106.250000000 0.473307 2.011195 0.000000 0.000000 0.000000 0.960907 0.276871
106.300000000 0.470908 2.010841 0.000000 0.000000 0.000000 0.961807 0.273728
106.350000000 0.467849 2.008381 0.000000 0.000000 0.000000 0.961065 0.276321
106.400000000 0.462131 2.006696 0.000000 0.000000 0.000000 0.959898 0.280350
106.450000000 0.454426 2.013124 0.000000 0.000000 0.000000 0.958574 0.284845
106.500000000 0.445775 2.018379 0.000000 0.000000 0.000000 0.958722 0.284345
106.550000000 0.432599 2.030670 0.000000 0.000000 0.000000 0.959207 0.282705
106.600000000 0.418943 2.040754 0.000000 0.000000 0.000000 0.960048 0.279836
106.650000000 0.405679 2.049134 0.000000 0.000000 0.000000 0.960439 0.278491
106.700000000 0.393784 2.061564 0.000000 0.000000 0.000000 0.959921 0.280270
106.750000000 0.381336 2.070854 0.000000 0.000000 0.000000 0.958964 0.283528
106.800000000 0.368963 2.074256 0.000000 0.000000 0.000000 0.958893 0.283767
106.850000000 0.362125 2.081965 0.000000 0.000000 0.000000 0.958463 0.285216
106.900000000 0.353247 2.089108 0.000000 0.000000 0.000000 0.958580 0.284825
106.950000000 0.346635 2.094512 0.000000 0.000000 0.000000 0.959714 0.280979
107.000000000 0.337303 2.100181 0.000000 0.000000 0.000000 0.959926 0.280255
107.050000000 0.330700 2.108380 0.000000 0.000000 0.000000 0.958534 0.284978
107.100000000 0.317331 2.110944 0.000000 0.000000 0.000000 0.959243 0.282582
107.150000000 0.311066 2.117678 0.000000 0.000000 0.000000 0.958749 0.284256
107.200000000 0.299952 2.124647 0.000000 0.000000 0.000000 0.959766 0.280801
107.250000000 0.290848 2.127164 0.000000 0.000000 0.000000 0.960545 0.278124
107.300000000 0.282957 2.132358 0.000000 0.000000 0.000000 0.959867 0.280454
107.350000000 0.273385 2.138363 0.000000 0.000000 0.000000 0.959047 0.283246
107.400000000 0.264821 2.139213 0.000000 0.000000 0.000000 0.958793 0.284106
107.450000000 0.255655 2.145606 0.000000 0.000000 0.000000 0.958887 0.283788
107.500000000 0.243150 2.153910 0.000000 0.000000 0.000000 0.959826 0.280597
107.550000000 0.235712 2.156804 0.000000 0.000000 0.000000 0.960183 0.279371
107.600000000 0.225314 2.164060 0.000000 0.000000 0.000000 0.960055 0.279811
107.650000000 0.215591 2.171659 0.000000 0.000000 0.000000 0.959362 0.282179
107.700000000 0.207741 2.176522 0.000000 0.000000 0.000000 0.958709 0.284389
107.750000000 0.198554 2.183410 0.000000 0.000000 0.000000 0.959033 0.283293
107.800000000 0.186760 2.192826 0.000000 0.000000 0.000000 0.959779 0.280756
107.850000000 0.178881 2.196989 0.000000 0.000000 0.000000 0.960271 0.279070
107.900000000 0.170188 2.203352 0.000000 0.000000 0.000000 0.960011 0.279961
107.950000000 0.159669 2.212029 0.000000 0.000000 0.000000 0.959037 0.283282
108.000000000 0.150515 2.216719 0.000000 0.000000 0.000000 0.958629 0.284660
108.050000000 0.140854 2.226285 0.000000 0.000000 0.000000 0.959210 0.282693
108.100000000 0.130094 2.235830 0.000000 0.000000 0.000000 0.959693 0.281052
108.150000000 0.122436 2.238580 0.000000 0.000000 0.000000 0.960304 0.278956
108.200000000 0.113455 2.242766 0.000000 0.000000 0.000000 0.960127 0.279564
108.250000000 0.104167 2.249671 0.000000 0.000000 0.000000 0.959186 0.282775
108.300000000 0.093524 2.252566 0.000000 0.000000 0.000000 0.958784 0.284135
108.350000000 0.084160 2.260808 0.000000 0.000000 0.000000 0.959041 0.283266
108.400000000 0.073715 2.268809 0.000000 0.000000 0.000000 0.959598 0.281376
108.450000000 0.063786 2.271132 0.000000 0.000000 0.000000 0.960496 0.278292
108.500000000 0.055815 2.275286 0.000000 0.000000 0.000000 0.959993 0.280025
108.550000000 0.044384 2.282722 0.000000 0.000000 0.000000 0.959620 0.281299
108.600000000 0.035216 2.286329 0.000000 0.000000 0.000000 0.958790 0.284117
108.650000000 0.025327 2.292419 0.000000 0.000000 0.000000 0.958975 0.283491
108.700000000 0.012834 2.301474 0.000000 0.000000 0.000000 0.959328 0.282294
108.750000000 0.002306 2.306903 0.000000 0.000000 0.000000 0.960663 0.277718
108.800000000 -0.003679 2.302265 0.000000 0.000000 0.000000 0.963021 0.269426
108.850000000 -0.003037 2.305830 0.000000 0.000000 0.000000 0.964852 0.262793
108.900000000 -0.006533 2.309938 0.000000 0.000000 0.000000 0.966053 0.258344
108.950000000 -0.007175 2.312211 0.000000 0.000000 0.000000 0.968156 0.250349
109.000000000 -0.007225 2.312308 0.000000 0.000000 0.000000 0.970596 0.240715
109.050000000 -0.009225 2.312795 0.000000 0.000000 0.000000 0.972995 0.230825
109.100000000 -0.007439 2.310070 0.000000 0.000000 0.000000 0.974266 0.225402
109.150000000 -0.006306 2.309066 0.000000 0.000000 0.000000 0.975956 0.217969
109.200000000 -0.007996 2.307390 0.000000 0.000000 0.000000 0.974638 0.223785
109.250000000 -0.008923 2.307831 0.000000 0.000000 0.000000 0.973463 0.228845
109.300000000 -0.013485 2.314627 0.000000 0.000000 0.000000 0.973677 0.227930
109.350000000 -0.022469 2.321983 0.000000 0.000000 0.000000 0.974494 0.224412
109.400000000 -0.033123 2.327956 0.000000 0.000000 0.000000 0.974598 0.223961
109.450000000 -0.047456 2.334275 0.000000 0.000000 0.000000 0.974444 0.224629
109.500000000 -0.062296 2.340770 0.000000 0.000000 0.000000 0.975557 0.219747
109.550000000 -0.073690 2.344270 0.000000 0.000000 0.000000 0.977177 0.212425
109.600000000 -0.084885 2.349997 0.000000 0.000000 0.000000 0.977085 0.212849
109.650000000 -0.098685 2.354848 0.000000 0.000000 0.000000 0.977085 0.212851
109.700000000 -0.110584 2.355887 0.000000 0.000000 0.000000 0.977382 0.211480
109.750000000 -0.121010 2.357888 0.000000 0.000000 0.000000 0.977200 0.212322
109.800000000 -0.131969 2.360461 0.000000 0.000000 0.000000 0.976769 0.214297
109.850000000 -0.143534 2.363731 0.000000 0.000000 0.000000 0.976329 0.216290
109.900000000 -0.155068 2.367545 0.000000 0.000000 0.000000 0.976464 0.215679
109.950000000 -0.166970 2.372561 0.000000 0.000000 0.000000 0.977268 0.212010
110.000000000 -0.175763 2.375981 0.000000 0.000000 0.000000 0.979548 0.201209
110.050000000 -0.180835 2.377521 0.000000 0.000000 0.000000 0.981567 0.191119
110.100000000 -0.183402 2.383183 0.000000 0.000000 0.000000 0.982779 0.184787
110.150000000 -0.183332 2.385921 0.000000 0.000000 0.000000 0.983290 0.182047
110.200000000 -0.182183 2.387268 0.000000 0.000000 0.000000 0.983987 0.178241
110.250000000 -0.182129 2.389087 0.000000 0.000000 0.000000 0.984101 0.177607
110.300000000 -0.185166 2.393715 0.000000 0.000000 0.000000 0.984045 0.177919
110.350000000 -0.191768 2.397553 0.000000 0.000000 0.000000 0.984328 0.176349
110.400000000 -0.201212 2.400107 0.000000 0.000000 0.000000 0.983957 0.178406
110.450000000 -0.212500 2.396415 0.000000 0.000000 0.000000 0.983233 0.182353
110.500000000 -0.223330 2.399974 0.000000 0.000000 0.000000 0.983252 0.182249
110.550000000 -0.238384 2.404701 0.000000 0.000000 0.000000 0.983477 0.181031
110.600000000 -0.252200 2.411278 0.000000 0.000000 0.000000 0.984302 0.176492
110.650000000 -0.264152 2.413513 0.000000 0.000000 0.000000 0.986673 0.162716
110.700000000 -0.273297 2.419853 0.000000 0.000000 0.000000 0.987648 0.156692
110.750000000 -0.280840 2.424181 0.000000 0.000000 0.000000 0.988554 0.150870
110.800000000 -0.283919 2.425028 0.000000 0.000000 0.000000 0.989070 0.147446
110.850000000 -0.283568 2.424558 0.000000 0.000000 0.000000 0.990831 0.135104
110.900000000 -0.290125 2.421731 0.000000 0.000000 0.000000 0.992109 0.125378
110.950000000 -0.289049 2.420084 0.000000 0.000000 0.000000 0.993133 0.116994
111.000000000 -0.288302 2.418024 0.000000 0.000000 0.000000 0.993781 0.111357
111.050000000 -0.289073 2.416045 0.000000 0.000000 0.000000 0.994208 0.107475
111.100000000 -0.287492 2.413817 0.000000 0.000000 0.000000 0.994529 0.104463
111.150000000 -0.291773 2.414677 0.000000 0.000000 0.000000 0.995466 0.095120
111.200000000 -0.295900 2.418853 0.000000 0.000000 0.000000 0.995121 0.098661
111.250000000 -0.300789 2.421348 0.000000 0.000000 0.000000 0.995174 0.098122
111.300000000 -0.309646 2.419561 0.000000 0.000000 0.000000 0.995053 0.099346
111.350000000 -0.322096 2.419531 0.000000 0.000000 0.000000 0.994751 0.102329
111.400000000 -0.336684 2.421807 0.000000 0.000000 0.000000 0.994579 0.103980
111.450000000 -0.351901 2.424551 0.000000 0.000000 0.000000 0.994654 0.103264
111.500000000 -0.369385 2.428458 0.000000 0.000000 0.000000 0.994975 0.100121
111.550000000 -0.382396 2.430100 0.000000 0.000000 0.000000 0.996284 0.086131
111.600000000 -0.394124 2.431770 0.000000 0.000000 0.000000 0.996954 0.077991
111.650000000 -0.402844 2.436383 0.000000 0.000000 0.000000 0.997514 0.070475
111.700000000 -0.406171 2.440220 0.000000 0.000000 0.000000 0.997688 0.067963
111.750000000 -0.409556 2.443780 0.000000 0.000000 0.000000 0.998428 0.056047
111.800000000 -0.408511 2.442762 0.000000 0.000000 0.000000 0.998536 0.054088
111.850000000 -0.406933 2.440754 0.000000 0.000000 0.000000 0.999115 0.042057
111.900000000 -0.404904 2.437881 0.000000 0.000000 0.000000 0.999270 0.038214
111.950000000 -0.403401 2.434898 0.000000 0.000000 0.000000 0.999073 0.043047
112.000000000 -0.407621 2.435612 0.000000 0.000000 0.000000 0.998865 0.047637
112.050000000 -0.415553 2.433567 0.000000 0.000000 0.000000 0.998862 0.047684
112.100000000 -0.427059 2.439100 0.000000 0.000000 0.000000 0.998943 0.045971
112.150000000 -0.438190 2.441348 0.000000 0.000000 0.000000 0.999080 0.042882
112.200000000 -0.450975 2.441051 0.000000 0.000000 0.000000 0.999093 0.042575
112.250000000 -0.464229 2.441077 0.000000 0.000000 0.000000 0.999433 0.033658
112.300000000 -0.476127 2.441476 0.000000 0.000000 0.000000 0.999540 0.030313
112.350000000 -0.485996 2.437397 0.000000 0.000000 0.000000 0.999801 0.019935
112.400000000 -0.493943 2.434186 0.000000 0.000000 0.000000 0.999918 0.012809
112.450000000 -0.498783 2.433090 0.000000 0.000000 0.000000 0.999998 0.002057
112.500000000 -0.499728 2.434038 0.000000 0.000000 0.000000 -0.999992 0.003916
112.550000000 -0.498693 2.435818 0.000000 0.000000 0.000000 -0.999907 0.013627
112.600000000 -0.498917 2.438296 0.000000 0.000000 0.000000 -0.999897 0.014381
112.650000000 -0.498224 2.439578 0.000000 0.000000 0.000000 -0.999735 0.023012
112.700000000 -0.498141 2.441414 0.000000 0.000000 0.000000 -0.999536 0.030456
112.750000000 -0.497965 2.441996 0.000000 0.000000 0.000000 -0.999369 0.035512
112.800000000 -0.500479 2.439229 0.000000 0.000000 0.000000 -0.999434 0.033635
112.850000000 -0.504508 2.434551 0.000000 0.000000 0.000000 -0.999518 0.031032
112.900000000 -0.514190 2.435581 0.000000 0.000000 0.000000 -0.999602 0.028227
112.950000000 -0.525940 2.436141 0.000000 0.000000 0.000000 -0.999648 0.026527
113.000000000 -0.540223 2.437390 0.000000 0.000000 0.000000 -0.999618 0.027655
113.050000000 -0.556870 2.437596 0.000000 0.000000 0.000000 -0.999496 0.031758
113.100000000 -0.571205 2.435490 0.000000 0.000000 0.000000 -0.999315 0.037011
113.150000000 -0.587357 2.431108 0.000000 0.000000 0.000000 -0.998862 0.047699
113.200000000 -0.596205 2.433482 0.000000 0.000000 0.000000 -0.998729 0.050398
113.250000000 -0.600773 2.436122 0.000000 0.000000 0.000000 -0.998378 0.056936
113.300000000 -0.600390 2.440530 0.000000 0.000000 0.000000 -0.997821 0.065977
113.350000000 -0.602635 2.436483 0.000000 0.000000 0.000000 -0.997001 0.077393
113.400000000 -0.602831 2.437806 0.000000 0.000000 0.000000 -0.996519 0.083367
113.450000000 -0.603686 2.433720 0.000000 0.000000 0.000000 -0.995766 0.091920
113.500000000 -0.607022 2.429631 0.000000 0.000000 0.000000 -0.995494 0.094827
113.550000000 -0.602633 2.428662 0.000000 0.000000 0.000000 -0.995369 0.096127
113.600000000 -0.603376 2.430019 0.000000 0.000000 0.000000 -0.995465 0.095127
113.650000000 -0.607528 2.430076 0.000000 0.000000 0.000000 -0.995394 0.095867
113.700000000 -0.613576 2.430723 0.000000 0.000000 0.000000 -0.995245 0.097408
113.750000000 -0.621269 2.428486 0.000000 0.000000 0.000000 -0.995321 0.096620
113.800000000 -0.635672 2.419210 0.000000 0.000000 0.000000 -0.995486 0.094905
113.850000000 -0.648189 2.417649 0.000000 0.000000 0.000000 -0.995787 0.091698
113.900000000 -0.663433 2.416653 0.000000 0.000000 0.000000 -0.995679 0.092859
113.950000000 -0.680180 2.410308 0.000000 0.000000 0.000000 -0.995518 0.094575
114.000000000 -0.695578 2.407461 0.000000 0.000000 0.000000 -0.995236 0.097498
114.050000000 -0.709156 2.404779 0.000000 0.000000 0.000000 -0.995311 0.096722
114.100000000 -0.723306 2.399983 0.000000 0.000000 0.000000 -0.995548 0.094253
114.150000000 -0.736746 2.397791 0.000000 0.000000 0.000000 -0.995751 0.092087
114.200000000 -0.747365 2.397461 0.000000 0.000000 0.000000 -0.995710 0.092526
114.250000000 -0.758924 2.394846 0.000000 0.000000 0.000000 -0.995549 0.094245
114.300000000 -0.769759 2.392129 0.000000 0.000000 0.000000 -0.995306 0.096783
114.350000000 -0.778530 2.390782 0.000000 0.000000 0.000000 -0.995320 0.096631
114.400000000 -0.788218 2.389468 0.000000 0.000000 0.000000 -0.995291 0.096931
114.450000000 -0.798379 2.388909 0.000000 0.000000 0.000000 -0.995510 0.094655
114.500000000 -0.806488 2.385286 0.000000 0.000000 0.000000 -0.994927 0.100600
114.550000000 -0.812753 2.382832 0.000000 0.000000 0.000000 -0.993233 0.116136
114.600000000 -0.816563 2.382610 0.000000 0.000000 0.000000 -0.992257 0.124198
114.650000000 -0.817946 2.383989 0.000000 0.000000 0.000000 -0.991017 0.133734
114.700000000 -0.817961 2.386172 0.000000 0.000000 0.000000 -0.990191 0.139720
114.750000000 -0.819274 2.382710 0.000000 0.000000 0.000000 -0.989944 0.141459
114.800000000 -0.825026 2.382153 0.000000 0.000000 0.000000 -0.990094 0.140405
114.850000000 -0.825771 2.383740 0.000000 0.000000 0.000000 -0.990451 0.137863
114.900000000 -0.831408 2.384057 0.000000 0.000000 0.000000 -0.990016 0.140957
114.951000000 -0.838173 2.385370 0.000000 0.000000 0.000000 -0.989991 0.141133
115.000000000 -0.851873 2.376304 0.000000 0.000000 0.000000 -0.990193 0.139707
115.050000000 -0.865112 2.372059 0.000000 0.000000 0.000000 -0.990681 0.136204
115.100000000 -0.877885 2.369399 0.000000 0.000000 0.000000 -0.990500 0.137514
115.150000000 -0.893275 2.363393 0.000000 0.000000 0.000000 -0.990215 0.139552
115.200000000 -0.905459 2.359293 0.000000 0.000000 0.000000 -0.989342 0.145612
115.250000000 -0.917487 2.354146 0.000000 0.000000 0.000000 -0.987528 0.157442
115.300000000 -0.928120 2.353737 0.000000 0.000000 0.000000 -0.986751 0.162240
115.350000000 -0.934134 2.353470 0.000000 0.000000 0.000000 -0.986032 0.166554
115.400000000 -0.934586 2.353727 0.000000 0.000000 0.000000 -0.985130 0.171812
115.450000000 -0.933478 2.354888 0.000000 0.000000 0.000000 -0.983020 0.183500
115.500000000 -0.932813 2.353645 0.000000 0.000000 0.000000 -0.981673 0.190574
115.550000000 -0.929481 2.354804 0.000000 0.000000 0.000000 -0.979970 0.199144
115.600000000 -0.928511 2.356203 0.000000 0.000000 0.000000 -0.979789 0.200036
115.650000000 -0.931370 2.349250 0.000000 0.000000 0.000000 -0.981304 0.192464
115.700000000 -0.937402 2.348177 0.000000 0.000000 0.000000 -0.982001 0.188875
115.750000000 -0.945900 2.346677 0.000000 0.000000 0.000000 -0.981800 0.189915
115.800000000 -0.957142 2.343100 0.000000 0.000000 0.000000 -0.981255 0.192715
115.850000000 -0.967523 2.339728 0.000000 0.000000 0.000000 -0.980824 0.194895
115.900000000 -0.980396 2.334982 0.000000 0.000000 0.000000 -0.981156 0.193217
115.950000000 -0.997062 2.327281 0.000000 0.000000 0.000000 -0.981959 0.189097
116.000000000 -1.008296 2.324475 0.000000 0.000000 0.000000 -0.982244 0.187609
116.050000000 -1.019919 2.323211 0.000000 0.000000 0.000000 -0.981800 0.189915
116.100000000 -1.034424 2.312875 0.000000 0.000000 0.000000 -0.981448 0.191728
116.150000000 -1.043709 2.308410 0.000000 0.000000 0.000000 -0.980854 0.194747
116.200000000 -1.053336 2.303296 0.000000 0.000000 0.000000 -0.981118 0.193408
116.250000000 -1.065834 2.295493 0.000000 0.000000 0.000000 -0.981664 0.190620
116.300000000 -1.076030 2.293162 0.000000 0.000000 0.000000 -0.982016 0.188798
116.350000000 -1.086427 2.286547 0.000000 0.000000 0.000000 -0.981782 0.190010
116.400000000 -1.097292 2.281716 0.000000 0.000000 0.000000 -0.981332 0.192322
116.451000000 -1.106293 2.277098 0.000000 0.000000 0.000000 -0.980881 0.194609
116.500000000 -1.114250 2.274130 0.000000 0.000000 0.000000 -0.981066 0.193675
116.550000000 -1.123242 2.270785 0.000000 0.000000 0.000000 -0.981518 0.191372
116.600000000 -1.135019 2.268391 0.000000 0.000000 0.000000 -0.981975 0.189012
116.650000000 -1.146113 2.265629 0.000000 0.000000 0.000000 -0.981864 0.189584
116.700000000 -1.157873 2.262854 0.000000 0.000000 0.000000 -0.981495 0.191490
116.750000000 -1.169538 2.259515 0.000000 0.000000 0.000000 -0.980850 0.194764
116.800000000 -1.179758 2.257407 0.000000 0.000000 0.000000 -0.981000 0.194005
116.850000000 -1.190724 2.253730 0.000000 0.000000 0.000000 -0.981283 0.192570
116.900000000 -1.204064 2.245881 0.000000 0.000000 0.000000 -0.981828 0.189773
116.950000000 -1.213652 2.246395 0.000000 0.000000 0.000000 -0.981878 0.189513
117.000000000 -1.225911 2.241499 0.000000 0.000000 0.000000 -0.981611 0.190891
117.050000000 -1.237798 2.239627 0.000000 0.000000 0.000000 -0.981075 0.193626
117.100000000 -1.246877 2.238848 0.000000 0.000000 0.000000 -0.980979 0.194115
117.150000000 -1.256969 2.234266 0.000000 0.000000 0.000000 -0.981214 0.192921
117.200000000 -1.269940 2.223904 0.000000 0.000000 0.000000 -0.981437 0.191785
117.250000000 -1.279684 2.222815 0.000000 0.000000 0.000000 -0.981311 0.192428
117.300000000 -1.286367 2.216526 0.000000 0.000000 0.000000 -0.979441 0.201732
117.350000000 -1.290614 2.213397 0.000000 0.000000 0.000000 -0.976232 0.216726
117.400000000 -1.293114 2.211446 0.000000 0.000000 0.000000 -0.974678 0.223615
117.451000000 -1.293647 2.212376 0.000000 0.000000 0.000000 -0.972545 0.232714
117.500000000 -1.294523 2.209699 0.000000 0.000000 0.000000 -0.972142 0.234391
117.550000000 -1.294007 2.209741 0.000000 0.000000 0.000000 -0.970689 0.240338
117.600000000 -1.291948 2.216672 0.000000 0.000000 0.000000 -0.968917 0.247388
117.650000000 -1.292688 2.215275 0.000000 0.000000 0.000000 -0.966582 0.256359
117.700000000 -1.292043 2.215676 0.000000 0.000000 0.000000 -0.966518 0.256598
117.750000000 -1.293496 2.210827 0.000000 0.000000 0.000000 -0.967326 0.253536
117.800000000 -1.297385 2.203420 0.000000 0.000000 0.000000 -0.968046 0.250772
117.850000000 -1.308100 2.198397 0.000000 0.000000 0.000000 -0.968883 0.247520
117.900000000 -1.321226 2.192266 0.000000 0.000000 0.000000 -0.968810 0.247803
117.950000000 -1.338898 2.181913 0.000000 0.000000 0.000000 -0.968179 0.250259
118.000000000 -1.353506 2.177150 0.000000 0.000000 0.000000 -0.967523 0.252782
118.050000000 -1.368300 2.171275 0.000000 0.000000 0.000000 -0.967575 0.252585
118.100000000 -1.383231 2.159649 0.000000 0.000000 0.000000 -0.966590 0.256327
118.150000000 -1.395575 2.155546 0.000000 0.000000 0.000000 -0.964316 0.264755
118.200000000 -1.402380 2.153276 0.000000 0.000000 0.000000 -0.962272 0.272088
118.250000000 -1.405544 2.149491 0.000000 0.000000 0.000000 -0.959367 0.282162
118.300000000 -1.407520 2.147876 0.000000 0.000000 0.000000 -0.957843 0.287292
118.350000000 -1.407893 2.148419 0.000000 0.000000 0.000000 -0.955013 0.296564
118.400000000 -1.407178 2.150737 0.000000 0.000000 0.000000 -0.953221 0.302275
118.450000000 -1.407226 2.149688 0.000000 0.000000 0.000000 -0.951987 0.306140
118.500000000 -1.410648 2.151996 0.000000 0.000000 0.000000 -0.952847 0.303450
118.550000000 -1.412713 2.154310 0.000000 0.000000 0.000000 -0.953517 0.301340
118.600000000 -1.418962 2.153638 0.000000 0.000000 0.000000 -0.953436 0.301597
118.650000000 -1.425049 2.152455 0.000000 0.000000 0.000000 -0.952422 0.304784
118.700000000 -1.432840 2.145800 0.000000 0.000000 0.000000 -0.952562 0.304344
118.750000000 -1.444511 2.134825 0.000000 0.000000 0.000000 -0.953669 0.300857
118.800000000 -1.455181 2.127950 0.000000 0.000000 0.000000 -0.953952 0.299959
118.850000000 -1.466348 2.117556 0.000000 0.000000 0.000000 -0.953607 0.301053
118.900000000 -1.479839 2.102240 0.000000 0.000000 0.000000 -0.952656 0.304051
118.950000000 -1.487635 2.097862 0.000000 0.000000 0.000000 -0.948796 0.315890
119.000000000 -1.496727 2.091573 0.000000 0.000000 0.000000 -0.946323 0.323221
119.050000000 -1.504963 2.086801 0.000000 0.000000 0.000000 -0.943910 0.330202
119.100000000 -1.508234 2.085011 0.000000 0.000000 0.000000 -0.943259 0.332058
119.150000000 -1.505324 2.089612 0.000000 0.000000 0.000000 -0.939557 0.342393
119.200000000 -1.503663 2.086891 0.000000 0.000000 0.000000 -0.937501 0.347983
119.250000000 -1.501424 2.086662 0.000000 0.000000 0.000000 -0.933699 0.358058
119.300000000 -1.498737 2.087282 0.000000 0.000000 0.000000 -0.931746 0.363111
119.350000000 -1.497797 2.083584 0.000000 0.000000 0.000000 -0.931714 0.363193
119.400000000 -1.499895 2.076378 0.000000 0.000000 0.000000 -0.934186 0.356786
119.450000000 -1.505066 2.072014 0.000000 0.000000 0.000000 -0.934649 0.355572
119.500000000 -1.514249 2.064788 0.000000 0.000000 0.000000 -0.934034 0.357185
119.550000000 -1.521653 2.057745 0.000000 0.000000 0.000000 -0.932860 0.360240
119.600000000 -1.530961 2.051453 0.000000 0.000000 0.000000 -0.932625 0.360848
119.650000000 -1.537614 2.038369 0.000000 0.000000 0.000000 -0.934174 0.356817
119.700000000 -1.551308 2.023099 0.000000 0.000000 0.000000 -0.934373 0.356297
119.750000000 -1.560965 2.015881 0.000000 0.000000 0.000000 -0.934846 0.355053
119.800000000 -1.573039 2.002054 0.000000 0.000000 0.000000 -0.934232 0.356667
119.850000000 -1.581995 1.988383 0.000000 0.000000 0.000000 -0.933395 0.358850
119.900000000 -1.591188 1.981691 0.000000 0.000000 0.000000 -0.932572 0.360985
119.950000000 -1.599756 1.973535 0.000000 0.000000 0.000000 -0.933430 0.358759
120.000000000 -1.610030 1.965337 0.000000 0.000000 0.000000 -0.933673 0.358126
120.051000000 -1.617866 1.960853 0.000000 0.000000 0.000000 -0.933804 0.357786
120.100000000 -1.622857 1.954818 0.000000 0.000000 0.000000 -0.930897 0.365281
120.150000000 -1.626366 1.950810 0.000000 0.000000 0.000000 -0.925135 0.379638
120.200000000 -1.628250 1.950625 0.000000 0.000000 0.000000 -0.922274 0.386536
120.250000000 -1.629615 1.951754 0.000000 0.000000 0.000000 -0.917742 0.397178
120.300000000 -1.630847 1.954122 0.000000 0.000000 0.000000 -0.916603 0.399798
120.350000000 -1.637424 1.948677 0.000000 0.000000 0.000000 -0.919871 0.392220
120.400000000 -1.643494 1.950434 0.000000 0.000000 0.000000 -0.920455 0.390849
120.450000000 -1.655692 1.944691 0.000000 0.000000 0.000000 -0.920128 0.391619
120.500000000 -1.664308 1.939886 0.000000 0.000000 0.000000 -0.919020 0.394212
120.550000000 -1.675176 1.931143 0.000000 0.000000 0.000000 -0.919329 0.393490
120.600000000 -1.684993 1.919321 0.000000 0.000000 0.000000 -0.920586 0.390541
120.650000000 -1.694662 1.909153 0.000000 0.000000 0.000000 -0.921233 0.389012
120.700000000 -1.702071 1.899225 0.000000 0.000000 0.000000 -0.920997 0.389569
120.750000000 -1.710406 1.887510 0.000000 0.000000 0.000000 -0.920224 0.391392
120.800000000 -1.717814 1.873672 0.000000 0.000000 0.000000 -0.918881 0.394534
120.850000000 -1.723895 1.866548 0.000000 0.000000 0.000000 -0.919318 0.393515
120.900000000 -1.737155 1.847151 0.000000 0.000000 0.000000 -0.920324 0.391156
120.950000000 -1.744516 1.836368 0.000000 0.000000 0.000000 -0.921478 0.388430
121.000000000 -1.748697 1.829442 0.000000 0.000000 0.000000 -0.921104 0.389317
121.050000000 -1.755465 1.817768 0.000000 0.000000 0.000000 -0.920386 0.391011
121.100000000 -1.761126 1.808565 0.000000 0.000000 0.000000 -0.915748 0.401753
121.150000000 -1.764959 1.807984 0.000000 0.000000 0.000000 -0.910418 0.413690
121.200000000 -1.769130 1.805948 0.000000 0.000000 0.000000 -0.908119 0.418713
121.250000000 -1.774739 1.804339 0.000000 0.000000 0.000000 -0.906240 0.422763
121.300000000 -1.771504 1.810398 0.000000 0.000000 0.000000 -0.904321 0.426852
121.350000000 -1.770769 1.811914 0.000000 0.000000 0.000000 -0.899441 0.437042
121.400000000 -1.770400 1.808782 0.000000 0.000000 0.000000 -0.900368 0.435129
121.450000000 -1.769066 1.804116 0.000000 0.000000 0.000000 -0.900241 0.435391
121.500000000 -1.770877 1.795072 0.000000 0.000000 0.000000 -0.901420 0.432947
121.550000000 -1.775531 1.785729 0.000000 0.000000 0.000000 -0.902882 0.429888
121.600000000 -1.782430 1.779397 0.000000 0.000000 0.000000 -0.902664 0.430346
121.650000000 -1.792000 1.765139 0.000000 0.000000 0.000000 -0.902071 0.431589
121.700000000 -1.801211 1.753923 0.000000 0.000000 0.000000 -0.900453 0.434953
121.750000000 -1.809962 1.743822 0.000000 0.000000 0.000000 -0.900531 0.434791
121.800000000 -1.821575 1.726722 0.000000 0.000000 0.000000 -0.901495 0.432790
121.850000000 -1.833279 1.714939 0.000000 0.000000 0.000000 -0.902895 0.429861
121.900000000 -1.843468 1.708421 0.000000 0.000000 0.000000 -0.902577 0.430529
121.951000000 -1.853448 1.695458 0.000000 0.000000 0.000000 -0.901972 0.431795
122.000000000 -1.863084 1.685627 0.000000 0.000000 0.000000 -0.900667 0.434511
122.050000000 -1.870582 1.681934 0.000000 0.000000 0.000000 -0.901036 0.433745
122.100000000 -1.878620 1.668187 0.000000 0.000000 0.000000 -0.901990 0.431756
122.150000000 -1.886592 1.662209 0.000000 0.000000 0.000000 -0.902884 0.429884
122.200000000 -1.890414 1.662074 0.000000 0.000000 0.000000 -0.902485 0.430721
122.250000000 -1.898825 1.657506 0.000000 0.000000 0.000000 -0.901022 0.433773
122.300000000 -1.903613 1.653400 0.000000 0.000000 0.000000 -0.900331 0.435206
122.350000000 -1.910259 1.645810 0.000000 0.000000 0.000000 -0.900896 0.434036
122.400000000 -1.919037 1.634139 0.000000 0.000000 0.000000 -0.901434 0.432917
122.450000000 -1.924182 1.628960 0.000000 0.000000 0.000000 -0.902623 0.430433
122.500000000 -1.930757 1.621055 0.000000 0.000000 0.000000 -0.902201 0.431315
122.551000000 -1.941313 1.601191 0.000000 0.000000 0.000000 -0.901253 0.433294
122.600000000 -1.946887 1.596410 0.000000 0.000000 0.000000 -0.900943 0.433938
122.650000000 -1.951979 1.590121 0.000000 0.000000 0.000000 -0.900841 0.434148
122.700000000 -1.962285 1.564946 0.000000 0.000000 0.000000 -0.901907 0.431930
122.750000000 -1.968827 1.556760 0.000000 0.000000 0.000000 -0.903014 0.429611
122.800000000 -1.975124 1.554353 0.000000 0.000000 0.000000 -0.902503 0.430684
122.850000000 -1.980335 1.539955 0.000000 0.000000 0.000000 -0.901491 0.432798
122.900000000 -1.987567 1.532621 0.000000 0.000000 0.000000 -0.898352 0.439277
122.950000000 -1.994132 1.527320 0.000000 0.000000 0.000000 -0.893996 0.448075
123.000000000 -1.998949 1.524017 0.000000 0.000000 0.000000 -0.890731 0.454530
123.050000000 -2.002366 1.524559 0.000000 0.000000 0.000000 -0.888013 0.459817
123.100000000 -2.002132 1.525560 0.000000 0.000000 0.000000 -0.884023 0.467443
123.150000000 -2.002285 1.524371 0.000000 0.000000 0.000000 -0.880224 0.474558
123.200000000 -2.000548 1.526590 0.000000 0.000000 0.000000 -0.876992 0.480506
123.250000000 -1.999994 1.525762 0.000000 0.000000 0.000000 -0.872580 0.488471
123.300000000 -1.999895 1.521315 0.000000 0.000000 0.000000 -0.872060 0.489399
123.350000000 -2.002519 1.520276 0.000000 0.000000 0.000000 -0.874722 0.484625
123.400000000 -2.005748 1.518569 0.000000 0.000000 0.000000 -0.875017 0.484092
123.450000000 -2.013830 1.512323 0.000000 0.000000 0.000000 -0.874452 0.485112
123.500000000 -2.019349 1.503139 0.000000 0.000000 0.000000 -0.873225 0.487317
123.550000000 -2.024327 1.493507 0.000000 0.000000 0.000000 -0.873208 0.487348
123.600000000 -2.031641 1.477987 0.000000 0.000000 0.000000 -0.874254 0.485469
123.650000000 -2.038424 1.464365 0.000000 0.000000 0.000000 -0.875769 0.482731
123.700000000 -2.042223 1.456500 0.000000 0.000000 0.000000 -0.874872 0.484355
123.750000000 -2.046499 1.441632 0.000000 0.000000 0.000000 -0.868689 0.495358
123.800000000 -2.046904 1.432730 0.000000 0.000000 0.000000 -0.862850 0.505461
123.850000000 -2.049280 1.433167 0.000000 0.000000 0.000000 -0.858309 0.513134
123.900000000 -2.049094 1.432298 0.000000 0.000000 0.000000 -0.856081 0.516842
123.950000000 -2.049428 1.430412 0.000000 0.000000 0.000000 -0.854211 0.519927
124.000000000 -2.050873 1.431030 0.000000 0.000000 0.000000 -0.854541 0.519384
124.050000000 -2.054212 1.430342 0.000000 0.000000 0.000000 -0.855661 0.517536
124.100000000 -2.058061 1.426196 0.000000 0.000000 0.000000 -0.854961 0.518693
124.150000000 -2.061505 1.424627 0.000000 0.000000 0.000000 -0.854076 0.520148
124.200000000 -2.063826 1.414758 0.000000 0.000000 0.000000 -0.854738 0.519060
124.250000000 -2.069338 1.395474 0.000000 0.000000 0.000000 -0.856591 0.515996
124.300000000 -2.073867 1.386345 0.000000 0.000000 0.000000 -0.856548 0.516067
124.350000000 -2.080621 1.372660 0.000000 0.000000 0.000000 -0.856413 0.516292
124.400000000 -2.088331 1.360279 0.000000 0.000000 0.000000 -0.855133 0.518408
124.450000000 -2.093263 1.350152 0.000000 0.000000 0.000000 -0.853802 0.520597
124.500000000 -2.098897 1.338796 0.000000 0.000000 0.000000 -0.854558 0.519357
124.550000000 -2.102709 1.321234 0.000000 0.000000 0.000000 -0.856673 0.515860
124.600000000 -2.107652 1.312647 0.000000 0.000000 0.000000 -0.856411 0.516294
124.650000000 -2.114771 1.303168 0.000000 0.000000 0.000000 -0.855856 0.517214
124.700000000 -2.121638 1.291532 0.000000 0.000000 0.000000 -0.855929 0.517093
124.750000000 -2.124726 1.282904 0.000000 0.000000 0.000000 -0.853588 0.520949
124.800000000 -2.129401 1.274220 0.000000 0.000000 0.000000 -0.854521 0.519417
124.850000000 -2.133826 1.261831 0.000000 0.000000 0.000000 -0.855642 0.517569
124.900000000 -2.134154 1.260147 0.000000 0.000000 0.000000 -0.856986 0.515340
124.950000000 -2.131653 1.254466 0.000000 0.000000 0.000000 -0.856374 0.516355
125.000000000 -2.128559 1.251221 0.000000 0.000000 0.000000 -0.856558 0.516051
125.050000000 -2.125781 1.253145 0.000000 0.000000 0.000000 -0.854541 0.519383
125.100000000 -2.122252 1.259902 0.000000 0.000000 0.000000 -0.854662 0.519185
125.150000000 -2.122301 1.261296 0.000000 0.000000 0.000000 -0.855665 0.517531
125.200000000 -2.121814 1.263122 0.000000 0.000000 0.000000 -0.856079 0.516846
125.250000000 -2.120870 1.269274 0.000000 0.000000 0.000000 -0.856142 0.516741
125.300000000 -2.123228 1.272019 0.000000 0.000000 0.000000 -0.855245 0.518224
125.350000000 -2.124525 1.275206 0.000000 0.000000 0.000000 -0.855340 0.518066
125.400000000 -2.126678 1.276484 0.000000 0.000000 0.000000 -0.859297 0.511478
125.450000000 -2.130508 1.277982 0.000000 0.000000 0.000000 -0.865463 0.500973
125.500000000 -2.135552 1.275700 0.000000 0.000000 0.000000 -0.868618 0.495482
125.550000000 -2.139939 1.276927 0.000000 0.000000 0.000000 -0.873046 0.487638
125.600000000 -2.148110 1.273018 0.000000 0.000000 0.000000 -0.875466 0.483280
125.650000000 -2.151728 1.269648 0.000000 0.000000 0.000000 -0.877361 0.479831
125.700000000 -2.156936 1.264700 0.000000 0.000000 0.000000 -0.880042 0.474897
125.750000000 -2.161319 1.259126 0.000000 0.000000 0.000000 -0.885697 0.464264
125.800000000 -2.164314 1.254343 0.000000 0.000000 0.000000 -0.889156 0.457605
125.850000000 -2.163814 1.251237 0.000000 0.000000 0.000000 -0.893461 0.449140
125.900000000 -2.163834 1.246924 0.000000 0.000000 0.000000 -0.895760 0.444539
125.950000000 -2.161742 1.241239 0.000000 0.000000 0.000000 -0.897507 0.441001
126.000000000 -2.159307 1.240953 0.000000 0.000000 0.000000 -0.901307 0.433181
126.050000000 -2.158804 1.235930 0.000000 0.000000 0.000000 -0.905536 0.424269
126.100000000 -2.158519 1.233628 0.000000 0.000000 0.000000 -0.909125 0.416523
126.151000000 -2.154126 1.238257 0.000000 0.000000 0.000000 -0.913752 0.406272
126.200000000 -2.154610 1.233723 0.000000 0.000000 0.000000 -0.914864 0.403763
126.250000000 -2.154556 1.228875 0.000000 0.000000 0.000000 -0.916310 0.400470
126.300000000 -2.153535 1.230902 0.000000 0.000000 0.000000 -0.919799 0.392389
126.350000000 -2.154433 1.227915 0.000000 0.000000 0.000000 -0.923895 0.382647
126.400000000 -2.155715 1.222599 0.000000 0.000000 0.000000 -0.925946 0.377656
126.450000000 -2.158469 1.222932 0.000000 0.000000 0.000000 -0.930230 0.366976
126.500000000 -2.162715 1.222832 0.000000 0.000000 0.000000 -0.931615 0.363448
126.550000000 -2.167328 1.219003 0.000000 0.000000 0.000000 -0.932720 0.360601
126.600000000 -2.169781 1.218868 0.000000 0.000000 0.000000 -0.935002 0.354642
126.650000000 -2.172483 1.216767 0.000000 0.000000 0.000000 -0.937034 0.349238
126.700000000 -2.176886 1.223938 0.000000 0.000000 0.000000 -0.940520 0.339739
126.750000000 -2.178713 1.223846 0.000000 0.000000 0.000000 -0.944331 0.328998
126.800000000 -2.184152 1.225812 0.000000 0.000000 0.000000 -0.946364 0.323102
126.850000000 -2.186096 1.227097 0.000000 0.000000 0.000000 -0.948448 0.316932
126.900000000 -2.188408 1.229115 0.000000 0.000000 0.000000 -0.950336 0.311225
126.950000000 -2.192095 1.226068 0.000000 0.000000 0.000000 -0.954076 0.299566
127.000000000 -2.194166 1.224620 0.000000 0.000000 0.000000 -0.956115 0.292993
127.052000000 -2.194808 1.225856 0.000000 0.000000 0.000000 -0.958580 0.284823
127.100000000 -2.197069 1.225875 0.000000 0.000000 0.000000 -0.960173 0.279407
127.150000000 -2.197323 1.224778 0.000000 0.000000 0.000000 -0.961217 0.275795
127.200000000 -2.196906 1.225644 0.000000 0.000000 0.000000 -0.963345 0.268265
127.250000000 -2.199351 1.218508 0.000000 0.000000 0.000000 -0.966005 0.258524
127.300000000 -2.201520 1.216665 0.000000 0.000000 0.000000 -0.967843 0.251554
127.350000000 -2.202115 1.217305 0.000000 0.000000 0.000000 -0.970367 0.241637
127.400000000 -2.205643 1.215900 0.000000 0.000000 0.000000 -0.971379 0.237534
127.450000000 -2.206693 1.205178 0.000000 0.000000 0.000000 -0.969814 0.243846
127.500000000 -2.209314 1.199645 0.000000 0.000000 0.000000 -0.969966 0.243239
127.550000000 -2.214798 1.192358 0.000000 0.000000 0.000000 -0.970575 0.240800
127.600000000 -2.223620 1.186948 0.000000 0.000000 0.000000 -0.970908 0.239452
127.650000000 -2.235566 1.180705 0.000000 0.000000 0.000000 -0.970696 0.240310
127.700000000 -2.249836 1.174914 0.000000 0.000000 0.000000 -0.970120 0.242627
127.750000000 -2.262887 1.171062 0.000000 0.000000 0.000000 -0.969574 0.244799
127.800000000 -2.274620 1.167213 0.000000 0.000000 0.000000 -0.970218 0.242235
127.850000000 -2.287585 1.159607 0.000000 0.000000 0.000000 -0.973139 0.230217
127.900000000 -2.295985 1.158363 0.000000 0.000000 0.000000 -0.975770 0.218799
127.950000000 -2.301371 1.159598 0.000000 0.000000 0.000000 -0.977976 0.208717
128.000000000 -2.303125 1.159115 0.000000 0.000000 0.000000 -0.978720 0.205200
128.050000000 -2.303371 1.159001 0.000000 0.000000 0.000000 -0.979335 0.202245
128.100000000 -2.302576 1.160997 0.000000 0.000000 0.000000 -0.981159 0.193203
128.150000000 -2.300793 1.161537 0.000000 0.000000 0.000000 -0.983204 0.182510
128.200000000 -2.302504 1.163007 0.000000 0.000000 0.000000 -0.984063 0.177821
128.250000000 -2.305989 1.162479 0.000000 0.000000 0.000000 -0.983730 0.179654
128.300000000 -2.314234 1.161593 0.000000 0.000000 0.000000 -0.982657 0.185432
128.350000000 -2.321315 1.160310 0.000000 0.000000 0.000000 -0.981795 0.189944
128.400000000 -2.332449 1.155847 0.000000 0.000000 0.000000 -0.981580 0.191053
128.450000000 -2.347683 1.141786 0.000000 0.000000 0.000000 -0.982499 0.186267
128.500000000 -2.358312 1.142297 0.000000 0.000000 0.000000 -0.983541 0.180685
128.550000000 -2.370863 1.137831 0.000000 0.000000 0.000000 -0.982848 0.184415
128.600000000 -2.390477 1.120466 0.000000 0.000000 0.000000 -0.982121 0.188249
128.650000000 -2.403197 1.115031 0.000000 0.000000 0.000000 -0.981706 0.190405
128.700000000 -2.415050 1.116423 0.000000 0.000000 0.000000 -0.982285 0.187393
128.750000000 -2.431545 1.106780 0.000000 0.000000 0.000000 -0.982110 0.188309
128.800000000 -2.443265 1.103101 0.000000 0.000000 0.000000 -0.983547 0.180652
128.850000000 -2.451149 1.096343 0.000000 0.000000 0.000000 -0.985574 0.169245
128.900000000 -2.458238 1.089987 0.000000 0.000000 0.000000 -0.986509 0.163708
128.950000000 -2.459234 1.085362 0.000000 0.000000 0.000000 -0.987260 0.159118
129.000000000 -2.458052 1.085086 0.000000 0.000000 0.000000 -0.988594 0.150607
129.050000000 -2.454666 1.085651 0.000000 0.000000 0.000000 -0.990574 0.136978
129.100000000 -2.454734 1.084581 0.000000 0.000000 0.000000 -0.991542 0.129783
129.151000000 -2.454330 1.087364 0.000000 0.000000 0.000000 -0.993054 0.117659
129.200000000 -2.455485 1.090088 0.000000 0.000000 0.000000 -0.993508 0.113762
129.250000000 -2.455005 1.090484 0.000000 0.000000 0.000000 -0.993794 0.111232
129.300000000 -2.453052 1.092211 0.000000 0.000000 0.000000 -0.994756 0.102272
129.350000000 -2.453444 1.093601 0.000000 0.000000 0.000000 -0.995742 0.092185
129.400000000 -2.456527 1.093623 0.000000 0.000000 0.000000 -0.996224 0.086823
129.450000000 -2.459916 1.094695 0.000000 0.000000 0.000000 -0.996944 0.078114
129.500000000 -2.464416 1.095193 0.000000 0.000000 0.000000 -0.997177 0.075084
129.550000000 -2.468630 1.095522 0.000000 0.000000 0.000000 -0.997512 0.070497
129.600000000 -2.470126 1.100502 0.000000 0.000000 0.000000 -0.998109 0.061473
129.650000000 -2.475780 1.099662 0.000000 0.000000 0.000000 -0.998722 0.050538
129.700000000 -2.480257 1.096083 0.000000 0.000000 0.000000 -0.999058 0.043392
129.750000000 -2.482045 1.096995 0.000000 0.000000 0.000000 -0.999408 0.034412
129.800000000 -2.487391 1.092885 0.000000 0.000000 0.000000 -0.999482 0.032184
129.850000000 -2.489140 1.092592 0.000000 0.000000 0.000000 -0.999643 0.026712
129.900000000 -2.486597 1.098511 0.000000 0.000000 0.000000 -0.999886 0.015127
129.950000000 -2.491182 1.093036 0.000000 0.000000 0.000000 -0.999972 0.007503
130.000000000 -2.489324 1.099251 0.000000 0.000000 0.000000 0.999997 0.002393
130.054000000 -2.492395 1.096058 0.000000 0.000000 0.000000 0.999945 0.010443
130.100000000 -2.496966 1.094167 0.000000 0.000000 0.000000 0.999910 0.013426
130.150000000 -2.498244 1.091757 0.000000 0.000000 0.000000 0.999796 0.020219
130.200000000 -2.500090 1.092291 0.000000 0.000000 0.000000 0.999564 0.029524
130.250000000 -2.502078 1.091490 0.000000 0.000000 0.000000 0.999220 0.039495
130.300000000 -2.506189 1.090405 0.000000 0.000000 0.000000 0.998948 0.045853
130.350000000 -2.508466 1.094382 0.000000 0.000000 0.000000 0.998589 0.053103
130.400000000 -2.514397 1.091367 0.000000 0.000000 0.000000 0.999056 0.043449
130.450000000 -2.522743 1.088874 0.000000 0.000000 0.000000 0.999265 0.038329
130.500000000 -2.532671 1.090025 0.000000 0.000000 0.000000 0.999160 0.040974
130.550000000 -2.544237 1.094311 0.000000 0.000000 0.000000 0.999037 0.043868
130.600000000 -2.556404 1.088619 0.000000 0.000000 0.000000 0.999060 0.043359
130.650000000 -2.570442 1.090158 0.000000 0.000000 0.000000 0.998851 0.047930
130.700000000 -2.582482 1.090816 0.000000 0.000000 0.000000 0.998531 0.054175
130.750000000 -2.590439 1.092529 0.000000 0.000000 0.000000 0.998082 0.061913
130.800000000 -2.594233 1.095211 0.000000 0.000000 0.000000 0.997428 0.071682
130.850000000 -2.599602 1.097041 0.000000 0.000000 0.000000 0.996621 0.082139
130.900000000 -2.601467 1.100944 0.000000 0.000000 0.000000 0.996052 0.088773
130.950000000 -2.601760 1.100973 0.000000 0.000000 0.000000 0.994931 0.100564
131.000000000 -2.602202 1.101233 0.000000 0.000000 0.000000 0.994581 0.103961
131.050000000 -2.601029 1.100172 0.000000 0.000000 0.000000 0.993992 0.109452
131.100000000 -2.600894 1.100367 0.000000 0.000000 0.000000 0.993175 0.116638
131.150000000 -2.599985 1.101063 0.000000 0.000000 0.000000 0.991831 0.127559
131.200000000 -2.595831 1.102261 0.000000 0.000000 0.000000 0.990786 0.135437
131.250000000 -2.596872 1.102929 0.000000 0.000000 0.000000 0.989808 0.142411
131.300000000 -2.600869 1.102472 0.000000 0.000000 0.000000 0.989566 0.144083
131.350000000 -2.599349 1.106757 0.000000 0.000000 0.000000 0.988653 0.150220
131.400000000 -2.605682 1.103539 0.000000 0.000000 0.000000 0.989025 0.147749
131.450000000 -2.612490 1.103933 0.000000 0.000000 0.000000 0.988922 0.148436
131.500000000 -2.623459 1.104971 0.000000 0.000000 0.000000 0.988690 0.149972
131.550000000 -2.634700 1.108551 0.000000 0.000000 0.000000 0.988845 0.148948
131.600000000 -2.650970 1.111879 0.000000 0.000000 0.000000 0.989622 0.143692
131.650000000 -2.657198 1.120767 0.000000 0.000000 0.000000 0.989294 0.145937
131.700000000 -2.672971 1.123859 0.000000 0.000000 0.000000 0.988844 0.148956
131.750000000 -2.681054 1.125692 0.000000 0.000000 0.000000 0.986166 0.165758
131.800000000 -2.687577 1.130549 0.000000 0.000000 0.000000 0.984630 0.174655
131.850000000 -2.694713 1.129250 0.000000 0.000000 0.000000 0.983001 0.183598
131.900000000 -2.697117 1.129100 0.000000 0.000000 0.000000 0.982840 0.184459
131.950000000 -2.696219 1.124459 0.000000 0.000000 0.000000 0.981333 0.192316
132.000000000 -2.694186 1.120199 0.000000 0.000000 0.000000 0.979107 0.203347
132.050000000 -2.694145 1.122528 0.000000 0.000000 0.000000 0.976833 0.214005
132.100000000 -2.689378 1.123912 0.000000 0.000000 0.000000 0.975344 0.220691
132.150000000 -2.691474 1.127249 0.000000 0.000000 0.000000 0.973805 0.227385
132.200000000 -2.692540 1.123473 0.000000 0.000000 0.000000 0.975080 0.221853
132.250000000 -2.694461 1.125930 0.000000 0.000000 0.000000 0.975126 0.221653
132.300000000 -2.701396 1.128409 0.000000 0.000000 0.000000 0.975151 0.221543
132.350000000 -2.708561 1.138857 0.000000 0.000000 0.000000 0.973763 0.227564
132.400000000 -2.714937 1.148652 0.000000 0.000000 0.000000 0.974245 0.225492
132.450000000 -2.725422 1.161197 0.000000 0.000000 0.000000 0.974892 0.222678
132.500000000 -2.740800 1.170008 0.000000 0.000000 0.000000 0.975767 0.218812
132.550000000 -2.751180 1.177846 0.000000 0.000000 0.000000 0.974948 0.222434
132.600000000 -2.763194 1.192466 0.000000 0.000000 0.000000 0.971534 0.236902
132.650000000 -2.769802 1.195960 0.000000 0.000000 0.000000 0.968376 0.249496
132.700000000 -2.772500 1.201294 0.000000 0.000000 0.000000 0.966776 0.255627
132.750000000 -2.775737 1.202210 0.000000 0.000000 0.000000 0.964680 0.263424
132.800000000 -2.778641 1.198356 0.000000 0.000000 0.000000 0.964721 0.263275
132.850000000 -2.774956 1.196406 0.000000 0.000000 0.000000 0.961120 0.276130
132.900000000 -2.774017 1.194518 0.000000 0.000000 0.000000 0.959014 0.283359
132.950000000 -2.769583 1.193279 0.000000 0.000000 0.000000 0.955656 0.294485
133.000000000 -2.768468 1.193229 0.000000 0.000000 0.000000 0.953785 0.300489
133.050000000 -2.770119 1.190393 0.000000 0.000000 0.000000 0.952916 0.303235
133.100000000 -2.765830 1.195998 0.000000 0.000000 0.000000 0.950225 0.311563
133.150000000 -2.766691 1.197205 0.000000 0.000000 0.000000 0.947511 0.319724
133.200000000 -2.768557 1.198867 0.000000 0.000000 0.000000 0.945723 0.324973
133.250000000 -2.770493 1.201149 0.000000 0.000000 0.000000 0.941187 0.337885
133.300000000 -2.772090 1.204818 0.000000 0.000000 0.000000 0.939773 0.341799
133.350000000 -2.777046 1.208705 0.000000 0.000000 0.000000 0.938549 0.345145
133.400000000 -2.777455 1.216122 0.000000 0.000000 0.000000 0.935875 0.352333
133.450000000 -2.778131 1.219030 0.000000 0.000000 0.000000 0.932630 0.360835
133.500000000 -2.782429 1.217747 0.000000 0.000000 0.000000 0.929733 0.368234
133.550000000 -2.782966 1.219571 0.000000 0.000000 0.000000 0.926553 0.376164
133.600000000 -2.785488 1.224962 0.000000 0.000000 0.000000 0.925349 0.379116
133.650000000 -2.792553 1.231715 0.000000 0.000000 0.000000 0.928465 0.371419
133.700000000 -2.793496 1.243481 0.000000 0.000000 0.000000 0.929080 0.369879
133.750000000 -2.801997 1.250685 0.000000 0.000000 0.000000 0.929791 0.368088
133.800000000 -2.812238 1.258206 0.000000 0.000000 0.000000 0.929139 0.369730
133.850000000 -2.822370 1.266449 0.000000 0.000000 0.000000 0.927308 0.374299
133.900000000 -2.832338 1.276427 0.000000 0.000000 0.000000 0.924300 0.381667
133.950000000 -2.841863 1.282276 0.000000 0.000000 0.000000 0.922141 0.386854
134.000000000 -2.845545 1.287391 0.000000 0.000000 0.000000 0.918724 0.394899
134.050000000 -2.847630 1.290515 0.000000 0.000000 0.000000 0.914997 0.403460
134.100000000 -2.848762 1.295655 0.000000 0.000000 0.000000 0.911729 0.410793
134.150000000 -2.848644 1.298738 0.000000 0.000000 0.000000 0.906737 0.421696
134.200000000 -2.850751 1.302790 0.000000 0.000000 0.000000 0.904689 0.426073
134.250000000 -2.851069 1.300213 0.000000 0.000000 0.000000 0.903180 0.429261
134.300000000 -2.849014 1.298184 0.000000 0.000000 0.000000 0.899513 0.436894
134.350000000 -2.849046 1.295624 0.000000 0.000000 0.000000 0.895217 0.445630
134.400000000 -2.848043 1.297763 0.000000 0.000000 0.000000 0.891766 0.452497
134.450000000 -2.846576 1.297088 0.000000 0.000000 0.000000 0.887644 0.460531
134.500000000 -2.846577 1.305829 0.000000 0.000000 0.000000 0.884871 0.465835
134.550000000 -2.849671 1.307587 0.000000 0.000000 0.000000 0.886288 0.463134
134.600000000 -2.854029 1.309500 0.000000 0.000000 0.000000 0.887552 0.460707
134.650000000 -2.862031 1.311189 0.000000 0.000000 0.000000 0.886975 0.461817
134.700000000 -2.866186 1.324226 0.000000 0.000000 0.000000 0.884644 0.466268
134.750000000 -2.872988 1.337021 0.000000 0.000000 0.000000 0.885347 0.464931
134.800000000 -2.881288 1.355108 0.000000 0.000000 0.000000 0.884793 0.465984
134.850000000 -2.887317 1.368809 0.000000 0.000000 0.000000 0.881948 0.471346
134.900000000 -2.890207 1.374227 0.000000 0.000000 0.000000 0.877568 0.479452
134.950000000 -2.891567 1.386611 0.000000 0.000000 0.000000 0.871948 0.489599
135.000000000 -2.892798 1.392213 0.000000 0.000000 0.000000 0.868719 0.495306
135.050000000 -2.892914 1.397244 0.000000 0.000000 0.000000 0.863251 0.504775
135.100000000 -2.893346 1.399305 0.000000 0.000000 0.000000 0.860990 0.508622
135.150000000 -2.893451 1.400574 0.000000 0.000000 0.000000 0.858955 0.512052
135.200000000 -2.892834 1.399516 0.000000 0.000000 0.000000 0.853977 0.520310
135.250000000 -2.892510 1.401239 0.000000 0.000000 0.000000 0.848277 0.529553
135.300000000 -2.893202 1.398239 0.000000 0.000000 0.000000 0.844124 0.536148
135.350000000 -2.891535 1.398410 0.000000 0.000000 0.000000 0.838021 0.545638
135.400000000 -2.891751 1.403601 0.000000 0.000000 0.000000 0.835473 0.549531
135.450000000 -2.892393 1.404499 0.000000 0.000000 0.000000 0.831682 0.555252
135.500000000 -2.893332 1.410964 0.000000 0.000000 0.000000 0.826827 0.562456
135.550000000 -2.893621 1.415200 0.000000 0.000000 0.000000 0.820240 0.572019
135.600000000 -2.893514 1.421790 0.000000 0.000000 0.000000 0.816749 0.576993
135.650000000 -2.895875 1.426108 0.000000 0.000000 0.000000 0.812158 0.583438
135.700000000 -2.897324 1.432984 0.000000 0.000000 0.000000 0.811594 0.584222
135.750000000 -2.896796 1.433490 0.000000 0.000000 0.000000 0.807249 0.590211
135.800000000 -2.897372 1.440949 0.000000 0.000000 0.000000 0.801774 0.597627
135.850000000 -2.903429 1.436098 0.000000 0.000000 0.000000 0.802774 0.596283
135.900000000 -2.900808 1.440574 0.000000 0.000000 0.000000 0.802885 0.596134
135.950000000 -2.901412 1.442644 0.000000 0.000000 0.000000 0.804821 0.593518
136.000000000 -2.901480 1.455007 0.000000 0.000000 0.000000 0.804811 0.593531
136.050000000 -2.896478 1.473689 0.000000 0.000000 0.000000 0.804917 0.593387
136.100000000 -2.908476 1.484803 0.000000 0.000000 0.000000 0.806785 0.590845
136.150000000 -2.911985 1.497039 0.000000 0.000000 0.000000 0.803173 0.595746
136.200000000 -2.909349 1.517675 0.000000 0.000000 0.000000 0.801382 0.598153
136.250000000 -2.920259 1.530869 0.000000 0.000000 0.000000 0.805530 0.592555
136.300000000 -2.916365 1.555364 0.000000 0.000000 0.000000 0.804445 0.594027
136.350000000 -2.922572 1.563451 0.000000 0.000000 0.000000 0.806401 0.591369
136.400000000 -2.928482 1.573801 0.000000 0.000000 0.000000 0.804883 0.593433
136.450000000 -2.931937 1.586701 0.000000 0.000000 0.000000 0.797505 0.603312
136.500000000 -2.935540 1.592557 0.000000 0.000000 0.000000 0.791908 0.610640
136.550000000 -2.940609 1.595606 0.000000 0.000000 0.000000 0.785518 0.618839
136.600000000 -2.943303 1.597303 0.000000 0.000000 0.000000 0.784628 0.619967
136.650000000 -2.945853 1.593503 0.000000 0.000000 0.000000 0.781117 0.624384
136.700000000 -2.946110 1.590554 0.000000 0.000000 0.000000 0.774432 0.632657
136.750000000 -2.946122 1.592482 0.000000 0.000000 0.000000 0.767589 0.640943
136.800000000 -2.944789 1.595907 0.000000 0.000000 0.000000 0.764253 0.644916
136.850000000 -2.941976 1.597765 0.000000 0.000000 0.000000 0.765616 0.643298
136.900000000 -2.939807 1.606157 0.000000 0.000000 0.000000 0.768869 0.639407
136.950000000 -2.938067 1.616889 0.000000 0.000000 0.000000 0.771002 0.636832
137.000000000 -2.939221 1.630649 0.000000 0.000000 0.000000 0.771115 0.636696
137.050000000 -2.937852 1.647395 0.000000 0.000000 0.000000 0.767487 0.641065
137.100000000 -2.937565 1.658321 0.000000 0.000000 0.000000 0.767818 0.640668
137.150000000 -2.938974 1.675291 0.000000 0.000000 0.000000 0.768879 0.639395
137.200000000 -2.939090 1.698553 0.000000 0.000000 0.000000 0.767069 0.641565
137.250000000 -2.938480 1.709896 0.000000 0.000000 0.000000 0.761938 0.647650
137.300000000 -2.936626 1.717637 0.000000 0.000000 0.000000 0.755127 0.655579
137.350000000 -2.937058 1.726101 0.000000 0.000000 0.000000 0.745975 0.665974
137.400000000 -2.934392 1.731756 0.000000 0.000000 0.000000 0.740886 0.671631
137.450000000 -2.936328 1.733445 0.000000 0.000000 0.000000 0.734693 0.678400
137.500000000 -2.936405 1.730303 0.000000 0.000000 0.000000 0.734413 0.678703
137.550000000 -2.938277 1.726287 0.000000 0.000000 0.000000 0.730182 0.683253
137.600000000 -2.941465 1.721870 0.000000 0.000000 0.000000 0.724497 0.689278
137.650000000 -2.942368 1.724264 0.000000 0.000000 0.000000 0.716460 0.697628
137.700000000 -2.941298 1.722225 0.000000 0.000000 0.000000 0.713257 0.700902
137.750000000 -2.942438 1.716267 0.000000 0.000000 0.000000 0.713165 0.700996
137.800000000 -2.940064 1.728641 0.000000 0.000000 0.000000 0.718137 0.695902
137.850000000 -2.938468 1.739173 0.000000 0.000000 0.000000 0.719727 0.694257
137.900000000 -2.939505 1.757165 0.000000 0.000000 0.000000 0.717684 0.696369
137.950000000 -2.937697 1.773002 0.000000 0.000000 0.000000 0.715368 0.698748
138.000000000 -2.937876 1.784209 0.000000 0.000000 0.000000 0.716978 0.697096
138.050000000 -2.934593 1.809804 0.000000 0.000000 0.000000 0.713577 0.700577
138.100000000 -2.935580 1.815997 0.000000 0.000000 0.000000 0.710438 0.703760
138.150000000 -2.936250 1.820033 0.000000 0.000000 0.000000 0.701851 0.712323
138.200000000 -2.934224 1.825270 0.000000 0.000000 0.000000 0.696331 0.717721
138.250000000 -2.928681 1.832999 0.000000 0.000000 0.000000 0.685647 0.727935
138.300000000 -2.922331 1.836329 0.000000 0.000000 0.000000 0.680597 0.732658
138.350000000 -2.921630 1.838568 0.000000 0.000000 0.000000 0.682342 0.731033
138.400000000 -2.924750 1.842718 0.000000 0.000000 0.000000 0.687492 0.726192
138.450000000 -2.928008 1.846935 0.000000 0.000000 0.000000 0.687776 0.725923
138.500000000 -2.931532 1.852934 0.000000 0.000000 0.000000 0.686635 0.727002
138.550000000 -2.931214 1.864249 0.000000 0.000000 0.000000 0.684105 0.729383
138.600000000 -2.930077 1.873143 0.000000 0.000000 0.000000 0.685334 0.728229
138.650000000 -2.928144 1.891819 0.000000 0.000000 0.000000 0.687744 0.725953
138.700000000 -2.928723 1.897489 0.000000 0.000000 0.000000 0.695164 0.718852
138.750000000 -2.924962 1.907373 0.000000 0.000000 0.000000 0.702998 0.711192
138.800000000 -2.927195 1.909936 0.000000 0.000000 0.000000 0.708265 0.705947
138.850000000 -2.928056 1.908620 0.000000 0.000000 0.000000 0.707618 0.706596
138.900000000 -2.922846 1.917526 0.000000 0.000000 0.000000 0.705932 0.708279
138.950000000 -2.920661 1.925732 0.000000 0.000000 0.000000 0.706648 0.707565
139.000000000 -2.917733 1.940472 0.000000 0.000000 0.000000 0.706709 0.707504
139.050000000 -2.913935 1.953987 0.000000 0.000000 0.000000 0.706757 0.707456
139.100000000 -2.917194 1.962518 0.000000 0.000000 0.000000 0.706715 0.707498
139.150000000 -2.909143 1.980820 0.000000 0.000000 0.000000 0.702260 0.711920
139.200000000 -2.910648 1.989876 0.000000 0.000000 0.000000 0.705070 0.709138
139.250000000 -2.909766 2.011452 0.000000 0.000000 0.000000 0.705794 0.708417
139.300000000 -2.899286 2.029936 0.000000 0.000000 0.000000 0.705455 0.708755
139.350000000 -2.900148 2.041816 0.000000 0.000000 0.000000 0.706646 0.707567
139.400000000 -2.905326 2.058516 0.000000 0.000000 0.000000 0.705682 0.708529
139.450000000 -2.896969 2.077910 0.000000 0.000000 0.000000 0.701916 0.712260
139.500000000 -2.897460 2.092745 0.000000 0.000000 0.000000 0.704562 0.709643
139.550000000 -2.897441 2.109381 0.000000 0.000000 0.000000 0.707319 0.706895
139.600000000 -2.896521 2.122914 0.000000 0.000000 0.000000 0.706920 0.707294
139.650000000 -2.895135 2.136499 0.000000 0.000000 0.000000 0.705906 0.708306
139.700000000 -2.893330 2.148948 0.000000 0.000000 0.000000 0.703593 0.710603
139.750000000 -2.889777 2.161567 0.000000 0.000000 0.000000 0.703350 0.710844
139.800000000 -2.886176 2.178325 0.000000 0.000000 0.000000 0.704653 0.709552
139.850000000 -2.883907 2.194219 0.000000 0.000000 0.000000 0.706745 0.707469
139.900000000 -2.882779 2.204232 0.000000 0.000000 0.000000 0.707154 0.707059
139.950000000 -2.881452 2.217686 0.000000 0.000000 0.000000 0.706519 0.707694
140.000000000 -2.879827 2.230881 0.000000 0.000000 0.000000 0.705072 0.709135
140.050000000 -2.878000 2.239392 0.000000 0.000000 0.000000 0.703795 0.710403
140.100000000 -2.873650 2.258732 0.000000 0.000000 0.000000 0.704623 0.709582
140.150000000 -2.873232 2.271828 0.000000 0.000000 0.000000 0.707916 0.706297
140.200000000 -2.875223 2.275091 0.000000 0.000000 0.000000 0.707657 0.706556
140.250000000 -2.874358 2.288143 0.000000 0.000000 0.000000 0.706147 0.708065
140.300000000 -2.876566 2.298940 0.000000 0.000000 0.000000 0.704193 0.710008
140.350000000 -2.869136 2.311487 0.000000 0.000000 0.000000 0.702977 0.711213
140.400000000 -2.868506 2.324733 0.000000 0.000000 0.000000 0.704867 0.709339
140.450000000 -2.866047 2.342159 0.000000 0.000000 0.000000 0.707016 0.707197
140.500000000 -2.867147 2.346052 0.000000 0.000000 0.000000 0.707637 0.706576
140.550000000 -2.867659 2.356663 0.000000 0.000000 0.000000 0.706606 0.707608
140.600000000 -2.869290 2.372309 0.000000 0.000000 0.000000 0.704616 0.709588
140.650000000 -2.865636 2.381799 0.000000 0.000000 0.000000 0.702963 0.711227
140.700000000 -2.865899 2.395722 0.000000 0.000000 0.000000 0.704994 0.709213
140.750000000 -2.865293 2.411416 0.000000 0.000000 0.000000 0.707885 0.706328
140.800000000 -2.865077 2.422610 0.000000 0.000000 0.000000 0.707429 0.706785
140.850000000 -2.864991 2.436133 0.000000 0.000000 0.000000 0.706240 0.707973
140.900000000 -2.863491 2.446925 0.000000 0.000000 0.000000 0.703859 0.710340
140.950000000 -2.863149 2.456460 0.000000 0.000000 0.000000 0.704189 0.710013
141.000000000 -2.862179 2.470229 0.000000 0.000000 0.000000 0.705015 0.709193
141.050000000 -2.862718 2.482564 0.000000 0.000000 0.000000 0.707150 0.707063
141.100000000 -2.861323 2.496726 0.000000 0.000000 0.000000 0.705982 0.708230
141.150000000 -2.860605 2.511869 0.000000 0.000000 0.000000 0.703356 0.710838
141.200000000 -2.861108 2.518993 0.000000 0.000000 0.000000 0.703812 0.710387
141.250000000 -2.860691 2.532336 0.000000 0.000000 0.000000 0.703815 0.710384
141.300000000 -2.860206 2.546009 0.000000 0.000000 0.000000 0.704777 0.709429
141.350000000 -2.861366 2.556551 0.000000 0.000000 0.000000 0.707345 0.706869
141.400000000 -2.859957 2.566973 0.000000 0.000000 0.000000 0.705925 0.708287
141.450000000 -2.857604 2.583171 0.000000 0.000000 0.000000 0.703887 0.710312
141.500000000 -2.857103 2.591107 0.000000 0.000000 0.000000 0.704082 0.710119
141.550000000 -2.856232 2.605557 0.000000 0.000000 0.000000 0.704282 0.709920
141.600000000 -2.853959 2.619034 0.000000 0.000000 0.000000 0.705577 0.708633
141.650000000 -2.852973 2.630429 0.000000 0.000000 0.000000 0.707341 0.706872
141.700000000 -2.851734 2.640870 0.000000 0.000000 0.000000 0.706474 0.707739
141.750000000 -2.848738 2.656113 0.000000 0.000000 0.000000 0.703910 0.710290
141.800000000 -2.851712 2.660161 0.000000 0.000000 0.000000 0.703624 0.710572
141.850000000 -2.850771 2.672612 0.000000 0.000000 0.000000 0.704253 0.709949
141.900000000 -2.849828 2.685834 0.000000 0.000000 0.000000 0.706069 0.708143
141.950000000 -2.850291 2.693201 0.000000 0.000000 0.000000 0.707120 0.707093
142.000000000 -2.847932 2.707112 0.000000 0.000000 0.000000 0.704700 0.709505
142.050000000 -2.847380 2.715426 0.000000 0.000000 0.000000 0.703017 0.711173
142.100000000 -2.844686 2.726696 0.000000 0.000000 0.000000 0.703717 0.710480
142.150000000 -2.841935 2.742096 0.000000 0.000000 0.000000 0.704968 0.709239
142.200000000 -2.843206 2.750838 0.000000 0.000000 0.000000 0.708000 0.706213
142.250000000 -2.843060 2.761997 0.000000 0.000000 0.000000 0.706730 0.707483
142.300000000 -2.843005 2.772998 0.000000 0.000000 0.000000 0.707566 0.706647
142.350000000 -2.842046 2.784456 0.000000 0.000000 0.000000 0.704010 0.710190
142.400000000 -2.839957 2.795506 0.000000 0.000000 0.000000 0.704167 0.710035
142.450000000 -2.838899 2.809804 0.000000 0.000000 0.000000 0.705543 0.708667
142.500000000 -2.838460 2.821806 0.000000 0.000000 0.000000 0.707056 0.707157
142.550000000 -2.836823 2.829771 0.000000 0.000000 0.000000 0.706596 0.707618
142.600000000 -2.836870 2.842860 0.000000 0.000000 0.000000 0.705336 0.708873
142.650000000 -2.833837 2.854759 0.000000 0.000000 0.000000 0.702964 0.711225
142.700000000 -2.833055 2.864815 0.000000 0.000000 0.000000 0.703798 0.710400
142.750000000 -2.831329 2.878231 0.000000 0.000000 0.000000 0.705701 0.708510
142.800000000 -2.831920 2.890545 0.000000 0.000000 0.000000 0.707633 0.706580
142.850000000 -2.830365 2.900653 0.000000 0.000000 0.000000 0.706896 0.707317
142.900000000 -2.829911 2.912493 0.000000 0.000000 0.000000 0.704983 0.709225
142.950000000 -2.829279 2.924211 0.000000 0.000000 0.000000 0.703046 0.711144
143.000000000 -2.829032 2.932024 0.000000 0.000000 0.000000 0.703970 0.710230
143.050000000 -2.827444 2.944717 0.000000 0.000000 0.000000 0.705680 0.708531
143.100000000 -2.828108 2.958406 0.000000 0.000000 0.000000 0.707821 0.706392
143.150000000 -2.832740 2.957425 0.000000 0.000000 0.000000 0.707709 0.706504
143.200000000 -2.833444 2.969970 0.000000 0.000000 0.000000 0.706509 0.707705
143.250000000 -2.834268 2.982192 0.000000 0.000000 0.000000 0.704145 0.710056
143.300000000 -2.833763 2.992948 0.000000 0.000000 0.000000 0.703349 0.710845
143.350000000 -2.833352 3.004004 0.000000 0.000000 0.000000 0.704386 0.709817
143.400000000 -2.831042 3.019460 0.000000 0.000000 0.000000 0.706027 0.708185
143.450000000 -2.833247 3.030516 0.000000 0.000000 0.000000 0.707807 0.706406
143.500000000 -2.833687 3.041215 0.000000 0.000000 0.000000 0.706726 0.707488
143.550000000 -2.832100 3.056005 0.000000 0.000000 0.000000 0.703710 0.710487
143.600000000 -2.834050 3.067729 0.000000 0.000000 0.000000 0.703184 0.711007
143.650000000 -2.834332 3.080867 0.000000 0.000000 0.000000 0.704284 0.709919
143.700000000 -2.833967 3.097116 0.000000 0.000000 0.000000 0.706117 0.708096
143.750000000 -2.835673 3.108684 0.000000 0.000000 0.000000 0.707581 0.706633
143.800000000 -2.834178 3.119299 0.000000 0.000000 0.000000 0.706124 0.708089
143.850000000 -2.833283 3.131016 0.000000 0.000000 0.000000 0.704017 0.710183
143.900000000 -2.834174 3.139553 0.000000 0.000000 0.000000 0.703699 0.710499
143.950000000 -2.833345 3.153247 0.000000 0.000000 0.000000 0.704703 0.709502
144.000000000 -2.831155 3.166916 0.000000 0.000000 0.000000 0.706214 0.707999
144.050000000 -2.830846 3.179619 0.000000 0.000000 0.000000 0.707150 0.707064
144.100000000 -2.828323 3.183311 0.000000 0.000000 0.000000 0.706328 0.707885
144.150000000 -2.826988 3.189503 0.000000 0.000000 0.000000 0.704717 0.709489
144.200000000 -2.825962 3.193078 0.000000 0.000000 0.000000 0.703924 0.710275
144.250000000 -2.825858 3.194675 0.000000 0.000000 0.000000 0.703963 0.710237
144.300000000 -2.825405 3.192643 0.000000 0.000000 0.000000 0.704902 0.709305
144.350000000 -2.824698 3.190198 0.000000 0.000000 0.000000 0.706676 0.707537
144.400000000 -2.824592 3.186347 0.000000 0.000000 0.000000 0.706315 0.707898
144.450000000 -2.821419 3.181861 0.000000 0.000000 0.000000 0.704312 0.709891
144.500000000 -2.821243 3.175403 0.000000 0.000000 0.000000 0.703900 0.710299
144.550000000 -2.822137 3.167922 0.000000 0.000000 0.000000 0.704369 0.709834
144.600000000 -2.820436 3.166418 0.000000 0.000000 0.000000 0.705159 0.709050
144.650000000 -2.820640 3.165887 0.000000 0.000000 0.000000 0.705568 0.708642
144.700000000 -2.822083 3.165517 0.000000 0.000000 0.000000 0.705559 0.708651
144.750000000 -2.823463 3.165910 0.000000 0.000000 0.000000 0.705544 0.708666
144.800000000 -2.824691 3.167068 0.000000 0.000000 0.000000 0.705554 0.708656
144.850000000 -2.825367 3.168377 0.000000 0.000000 0.000000 0.705531 0.708679
144.900000000 -2.825652 3.169606 0.000000 0.000000 0.000000 0.705523 0.708687
144.950000000 -2.825621 3.170575 0.000000 0.000000 0.000000 0.705519 0.708691
145.000000000 -2.825295 3.171560 0.000000 0.000000 0.000000 0.705501 0.708709
145.050000000 -2.824911 3.171977 0.000000 0.000000 0.000000 0.705513 0.708697
145.100000000 -2.824509 3.172130 0.000000 0.000000 0.000000 0.705513 0.708697
145.150000000 -2.824138 3.172047 0.000000 0.000000 0.000000 0.705505 0.708705
145.200000000 -2.823883 3.171883 0.000000 0.000000 0.000000 0.705512 0.708698
145.250000000 -2.823737 3.171651 0.000000 0.000000 0.000000 0.705515 0.708695
145.300000000 -2.823687 3.171419 0.000000 0.000000 0.000000 0.705515 0.708695
145.350000000 -2.823714 3.171216 0.000000 0.000000 0.000000 0.705516 0.708694
145.400000000 -2.823789 3.171055 0.000000 0.000000 0.000000 0.705519 0.708691
145.450000000 -2.823885 3.170952 0.000000 0.000000 0.000000 0.705519 0.708691
145.500000000 -2.823986 3.170887 0.000000 0.000000 0.000000 0.705520 0.708690
145.550000000 -2.824071 3.170874 0.000000 0.000000 0.000000 0.705520 0.708690
145.600000000 -2.824138 3.170891 0.000000 0.000000 0.000000 0.705520 0.708690
145.650000000 -2.824173 3.170932 0.000000 0.000000 0.000000 0.705518 0.708692
145.700000000 -2.824189 3.170969 0.000000 0.000000 0.000000 0.705518 0.708692
145.750000000 -2.824188 3.171011 0.000000 0.000000 0.000000 0.705517 0.708693
145.800000000 -2.824174 3.171054 0.000000 0.000000 0.000000 0.705516 0.708694
145.850000000 -2.824156 3.171076 0.000000 0.000000 0.000000 0.705517 0.708693
145.900000000 -2.824138 3.171092 0.000000 0.000000 0.000000 0.705516 0.708694
145.950000000 -2.824119 3.171087 0.000000 0.000000 0.000000 0.705517 0.708693
146.000000000 -2.824104 3.171084 0.000000 0.000000 0.000000 0.705516 0.708694
146.050000000 -2.824096 3.171080 0.000000 0.000000 0.000000 0.705516 0.708694
146.100000000 -2.824092 3.171074 0.000000 0.000000 0.000000 0.705516 0.708694
146.150000000 -2.824094 3.171066 0.000000 0.000000 0.000000 0.705516 0.708694
146.200000000 -2.824097 3.171059 0.000000 0.000000 0.000000 0.705517 0.708693
146.250000000 -2.824099 3.171050 0.000000 0.000000 0.000000 0.705518 0.708692
146.300000000 -2.824102 3.171047 0.000000 0.000000 0.000000 0.705517 0.708693
146.350000000 -2.824106 3.171047 0.000000 0.000000 0.000000 0.705517 0.708693
146.400000000 -2.824110 3.171052 0.000000 0.000000 0.000000 0.705516 0.708694
146.450000000 -2.824112 3.171052 0.000000 0.000000 0.000000 0.705517 0.708693
146.500000000 -2.824114 3.171052 0.000000 0.000000 0.000000 0.705517 0.708693
146.550000000 -2.824114 3.171054 0.000000 0.000000 0.000000 0.705517 0.708693
146.600000000 -2.824113 3.171055 0.000000 0.000000 0.000000 0.705517 0.708693
146.650000000 -2.824112 3.171056 0.000000 0.000000 0.000000 0.705517 0.708693
146.700000000 -2.824112 3.171056 0.000000 0.000000 0.000000 0.705517 0.708693
146.751000000 -2.824111 3.171057 0.000000 0.000000 0.000000 0.705517 0.708693
146.800000000 -2.824110 3.171058 0.000000 0.000000 0.000000 0.705517 0.708693
146.850000000 -2.824110 3.171058 0.000000 0.000000 0.000000 0.705517 0.708693
146.900000000 -2.824109 3.171058 0.000000 0.000000 0.000000 0.705517 0.708693
146.950000000 -2.824109 3.171058 0.000000 0.000000 0.000000 0.705517 0.708693
147.000000000 -2.824109 3.171058 0.000000 0.000000 0.000000 0.705517 0.708693
147.050000000 -2.824109 3.171058 0.000000 0.000000 0.000000 0.705517 0.708693
147.100000000 -2.824109 3.171058 0.000000 0.000000 0.000000 0.705517 0.708693
147.150000000 -2.824109 3.171058 0.000000 0.000000 0.000000 0.705517 0.708693
147.200000000 -2.824109 3.171058 0.000000 0.000000 0.000000 0.705517 0.708693
147.250000000 -2.824109 3.171058 0.000000 0.000000 0.000000 0.705517 0.708693
147.300000000 -2.824109 3.171058 0.000000 0.000000 0.000000 0.705517 0.708693
147.350000000 -2.824109 3.171058 0.000000 0.000000 0.000000 0.705517 0.708693
147.400000000 -2.824109 3.171058 0.000000 0.000000 0.000000 0.705517 0.708693
147.450000000 -2.824109 3.171058 0.000000 0.000000 0.000000 0.705517 0.708693
147.500000000 -2.824109 3.171058 0.000000 0.000000 0.000000 0.705517 0.708693
147.550000000 -2.824109 3.171058 0.000000 0.000000 0.000000 0.705517 0.708693
