190.650000000 -0.023945 0.986859 0.000000 0.000000 0.000000 0.006970 0.999976
190.700000000 -0.023956 0.986910 0.000000 0.000000 0.000000 0.006999 0.999976
190.750000000 -0.023914 0.986962 0.000000 0.000000 0.000000 0.006977 0.999976
190.800000000 -0.023902 0.987049 0.000000 0.000000 0.000000 0.007001 0.999975
190.850000000 -0.023888 0.987121 0.000000 0.000000 0.000000 0.007002 0.999975
190.900000000 -0.023874 0.987171 0.000000 0.000000 0.000000 0.007001 0.999975
190.950000000 -0.023858 0.987199 0.000000 0.000000 0.000000 0.007002 0.999975
191.000000000 -0.023843 0.987209 0.000000 0.000000 0.000000 0.007001 0.999975
191.050000000 -0.023833 0.987209 0.000000 0.000000 0.000000 0.007001 0.999975
191.211000000 -0.023828 0.987202 0.000000 0.000000 0.000000 0.007000 0.999975
191.292000000 -0.023826 0.987199 0.000000 0.000000 0.000000 0.007000 0.999975
191.301000000 -0.023826 0.987199 0.000000 0.000000 0.000000 0.007000 0.999975
191.350000000 -0.023826 0.987199 0.000000 0.000000 0.000000 0.007000 0.999975
191.400000000 -0.023831 0.987132 0.000000 0.000000 0.000000 0.007000 0.999976
191.450000000 -0.023832 0.987133 0.000000 0.000000 0.000000 0.007000 0.999976
191.500000000 -0.023837 0.987136 0.000000 0.000000 0.000000 0.007000 0.999976
191.550000000 -0.023838 0.987139 0.000000 0.000000 0.000000 0.007000 0.999976
191.600000000 -0.023838 0.987143 0.000000 0.000000 0.000000 0.007001 0.999975
191.650000000 -0.023835 0.987146 0.000000 0.000000 0.000000 0.007000 0.999976
191.700000000 -0.023835 0.987148 0.000000 0.000000 0.000000 0.007000 0.999975
191.750000000 -0.023835 0.987149 0.000000 0.000000 0.000000 0.007000 0.999976
191.800000000 -0.023835 0.987150 0.000000 0.000000 0.000000 0.007000 0.999975
191.850000000 -0.023833 0.987150 0.000000 0.000000 0.000000 0.007000 0.999975
191.900000000 -0.023833 0.987150 0.000000 0.000000 0.000000 0.007000 0.999975
191.950000000 -0.023833 0.987149 0.000000 0.000000 0.000000 0.007000 0.999976
192.000000000 -0.023834 0.987148 0.000000 0.000000 0.000000 0.007000 0.999975
192.050000000 -0.023833 0.987147 0.000000 0.000000 0.000000 0.007000 0.999975
192.100000000 -0.023833 0.987147 0.000000 0.000000 0.000000 0.007000 0.999975
192.150000000 -0.023833 0.987147 0.000000 0.000000 0.000000 0.007000 0.999975
192.200000000 -0.023833 0.987147 0.000000 0.000000 0.000000 0.007000 0.999975
192.250000000 -0.023833 0.987147 0.000000 0.000000 0.000000 0.007000 0.999975
192.300000000 -0.023833 0.987147 0.000000 0.000000 0.000000 0.007000 0.999975
192.350000000 -0.023833 0.987147 0.000000 0.000000 0.000000 0.007000 0.999975
192.400000000 -0.023833 0.987147 0.000000 0.000000 0.000000 0.007000 0.999975
192.450000000 -0.023833 0.987147 0.000000 0.000000 0.000000 0.007000 0.999975
192.500000000 -0.023833 0.987147 0.000000 0.000000 0.000000 0.007000 0.999975
192.550000000 -0.023833 0.987147 0.000000 0.000000 0.000000 0.007000 0.999975
192.600000000 -0.023833 0.987147 0.000000 0.000000 0.000000 0.007000 0.999976
192.650000000 -0.023833 0.987147 0.000000 0.000000 0.000000 0.007000 0.999975
192.700000000 -0.023833 0.987147 0.000000 0.000000 0.000000 0.007000 0.999975
192.750000000 -0.023833 0.987147 0.000000 0.000000 0.000000 0.007000 0.999975
192.800000000 -0.023833 0.987147 0.000000 0.000000 0.000000 0.007000 0.999975
192.850000000 -0.023833 0.987147 0.000000 0.000000 0.000000 0.007000 0.999975
192.900000000 -0.023833 0.987147 0.000000 0.000000 0.000000 0.007000 0.999975
192.950000000 -0.023833 0.987147 0.000000 0.000000 0.000000 0.007000 0.999976
193.000000000 -0.023833 0.987147 0.000000 0.000000 0.000000 0.007000 0.999975
193.050000000 -0.023833 0.987147 0.000000 0.000000 0.000000 0.007000 0.999975
193.100000000 -0.023833 0.987147 0.000000 0.000000 0.000000 0.007000 0.999975
193.150000000 -0.023833 0.987147 0.000000 0.000000 0.000000 0.007000 0.999976
193.200000000 -0.023833 0.987147 0.000000 0.000000 0.000000 0.007000 0.999976
193.250000000 -0.023833 0.987147 0.000000 0.000000 0.000000 0.007000 0.999976
193.300000000 -0.023833 0.987147 0.000000 0.000000 0.000000 0.007000 0.999976
193.350000000 -0.023833 0.987147 0.000000 0.000000 0.000000 0.007000 0.999976
193.400000000 -0.023833 0.987147 0.000000 0.000000 0.000000 0.007000 0.999976
193.450000000 -0.023833 0.987147 0.000000 0.000000 0.000000 0.007000 0.999976
193.500000000 -0.023833 0.987147 0.000000 0.000000 0.000000 0.007000 0.999976
193.550000000 -0.023833 0.987147 0.000000 0.000000 0.000000 0.007000 0.999976
193.600000000 -0.023833 0.987147 0.000000 0.000000 0.000000 0.007000 0.999976
193.650000000 -0.023833 0.987147 0.000000 0.000000 0.000000 0.007000 0.999976
193.700000000 -0.023833 0.987147 0.000000 0.000000 0.000000 0.007000 0.999976
193.750000000 -0.023833 0.987147 0.000000 0.000000 0.000000 0.007000 0.999976
193.800000000 -0.023833 0.987147 0.000000 0.000000 0.000000 0.007000 0.999975
193.850000000 -0.023833 0.987147 0.000000 0.000000 0.000000 0.007000 0.999975
193.900000000 -0.023833 0.987147 0.000000 0.000000 0.000000 0.007000 0.999975
193.950000000 -0.023833 0.987147 0.000000 0.000000 0.000000 0.007000 0.999975
194.000000000 -0.023833 0.987147 0.000000 0.000000 0.000000 0.007000 0.999975
194.050000000 -0.023833 0.987147 0.000000 0.000000 0.000000 0.007000 0.999975
194.100000000 -0.023833 0.987147 0.000000 0.000000 0.000000 0.007000 0.999975
194.150000000 -0.023833 0.987147 0.000000 0.000000 0.000000 0.007000 0.999976
194.200000000 -0.023833 0.987147 0.000000 0.000000 0.000000 0.007000 0.999976
194.250000000 -0.023833 0.987147 0.000000 0.000000 0.000000 0.007000 0.999976
194.300000000 -0.023833 0.987147 0.000000 0.000000 0.000000 0.007000 0.999975
194.350000000 -0.023833 0.987147 0.000000 0.000000 0.000000 0.007000 0.999975
194.400000000 -0.023833 0.987147 0.000000 0.000000 0.000000 0.007000 0.999975
194.450000000 -0.023833 0.987147 0.000000 0.000000 0.000000 0.007000 0.999975
194.500000000 -0.023833 0.987147 0.000000 0.000000 0.000000 0.007000 0.999975
194.550000000 -0.023833 0.987147 0.000000 0.000000 0.000000 0.007000 0.999975
194.600000000 -0.022860 0.987291 0.000000 0.000000 0.000000 0.007213 0.999974
194.650000000 -0.017484 0.989017 0.000000 0.000000 0.000000 0.006390 0.999980
194.700000000 -0.007919 0.989115 0.000000 0.000000 0.000000 0.004823 0.999988
194.750000000 0.003257 0.988663 0.000000 0.000000 0.000000 0.005488 0.999985
194.800000000 0.018262 0.985961 0.000000 0.000000 0.000000 0.006399 0.999980
194.850000000 0.031818 0.986119 0.000000 0.000000 0.000000 0.009563 0.999954
194.900000000 0.045691 0.988315 0.000000 0.000000 0.000000 0.008227 0.999966
194.950000000 0.063914 0.990527 0.000000 0.000000 0.000000 0.005412 0.999985
195.000000000 0.079736 0.989836 0.000000 0.000000 0.000000 0.004269 0.999991
195.050000000 0.095615 0.991905 0.000000 0.000000 0.000000 0.005408 0.999985
195.100000000 0.111681 0.994544 0.000000 0.000000 0.000000 0.007832 0.999969
195.150000000 0.123998 0.996332 0.000000 0.000000 0.000000 0.009898 0.999951
195.200000000 0.134488 0.997205 0.000000 0.000000 0.000000 0.008877 0.999961
195.250000000 0.147194 0.997374 0.000000 0.000000 0.000000 0.006091 0.999981
195.300000000 0.158069 0.996974 0.000000 0.000000 0.000000 0.002996 0.999996
195.350000000 0.170274 0.997369 0.000000 0.000000 0.000000 0.005794 0.999983
195.400000000 0.181532 0.997806 0.000000 0.000000 0.000000 0.007475 0.999972
195.450000000 0.190123 0.997819 0.000000 0.000000 0.000000 0.009137 0.999958
195.500000000 0.199361 0.998115 0.000000 0.000000 0.000000 0.008232 0.999966
195.550000000 0.211502 0.996916 0.000000 0.000000 0.000000 0.005875 0.999983
195.600000000 0.223759 0.995362 0.000000 0.000000 0.000000 0.004190 0.999991
195.650000000 0.235734 0.994248 0.000000 0.000000 0.000000 0.005614 0.999984
195.700000000 0.248363 0.993143 0.000000 0.000000 0.000000 0.008498 0.999964
195.750000000 0.258798 0.992080 0.000000 0.000000 0.000000 0.009775 0.999952
195.800000000 0.269910 0.991504 0.000000 0.000000 0.000000 0.008614 0.999963
195.850000000 0.283639 0.991135 0.000000 0.000000 0.000000 0.004622 0.999989
195.900000000 0.295100 0.990959 0.000000 0.000000 0.000000 0.003964 0.999992
195.950000000 0.306882 0.990905 0.000000 0.000000 0.000000 0.005666 0.999984
196.000000000 0.318028 0.991612 0.000000 0.000000 0.000000 0.008302 0.999966
196.050000000 0.328823 0.992051 0.000000 0.000000 0.000000 0.010028 0.999950
196.100000000 0.339902 0.993412 0.000000 0.000000 0.000000 0.008289 0.999966
196.150000000 0.352531 0.993665 0.000000 0.000000 0.000000 0.004568 0.999990
196.200000000 0.365110 0.994412 0.000000 0.000000 0.000000 0.005135 0.999987
196.250000000 0.377323 0.994697 0.000000 0.000000 0.000000 0.003967 0.999992
196.300000000 0.388110 0.995512 0.000000 0.000000 0.000000 0.006263 0.999980
196.350000000 0.398307 0.996377 0.000000 0.000000 0.000000 0.009353 0.999956
196.400000000 0.409012 0.997933 0.000000 0.000000 0.000000 0.008361 0.999965
196.450000000 0.423206 0.998459 0.000000 0.000000 0.000000 0.005651 0.999984
196.500000000 0.437197 0.998563 0.000000 0.000000 0.000000 0.004432 0.999990
196.555000000 0.450845 0.998534 0.000000 0.000000 0.000000 0.005538 0.999985
196.600000000 0.464006 0.998956 0.000000 0.000000 0.000000 0.007772 0.999970
196.650000000 0.476088 0.998688 0.000000 0.000000 0.000000 0.010090 0.999949
196.700000000 0.486891 0.998662 0.000000 0.000000 0.000000 0.008491 0.999964
196.750000000 0.498976 0.997329 0.000000 0.000000 0.000000 0.005207 0.999986
196.800000000 0.511651 0.996679 0.000000 0.000000 0.000000 0.004787 0.999989
196.852000000 0.523263 0.996060 0.000000 0.000000 0.000000 0.005147 0.999987
196.900000000 0.534163 0.994921 0.000000 0.000000 0.000000 0.005740 0.999984
196.950000000 0.544111 0.995076 0.000000 0.000000 0.000000 0.009201 0.999958
197.000000000 0.554042 0.995359 0.000000 0.000000 0.000000 0.008355 0.999965
197.050000000 0.567167 0.994725 0.000000 0.000000 0.000000 0.005487 0.999985
197.100000000 0.579666 0.994956 0.000000 0.000000 0.000000 0.004647 0.999989
197.150000000 0.593091 0.993912 0.000000 0.000000 0.000000 0.005487 0.999985
197.200000000 0.605577 0.994228 0.000000 0.000000 0.000000 0.006524 0.999979
197.250000000 0.616525 0.994765 0.000000 0.000000 0.000000 0.009463 0.999955
197.300000000 0.626766 0.995380 0.000000 0.000000 0.000000 0.008527 0.999964
197.350000000 0.640321 0.995974 0.000000 0.000000 0.000000 0.005288 0.999986
197.400000000 0.654029 0.996263 0.000000 0.000000 0.000000 0.004175 0.999991
197.450000000 0.666786 0.997298 0.000000 0.000000 0.000000 0.005610 0.999984
197.500000000 0.679750 0.998342 0.000000 0.000000 0.000000 0.008748 0.999962
197.550000000 0.690190 0.998932 0.000000 0.000000 0.000000 0.010054 0.999949
197.600000000 0.700917 0.999932 0.000000 0.000000 0.000000 0.008355 0.999965
197.650000000 0.714536 0.999320 0.000000 0.000000 0.000000 0.004502 0.999990
197.700000000 0.727564 0.998446 0.000000 0.000000 0.000000 0.004065 0.999992
197.750000000 0.740295 0.997846 0.000000 0.000000 0.000000 0.005966 0.999982
197.800000000 0.752645 0.997646 0.000000 0.000000 0.000000 0.008715 0.999962
197.850000000 0.763555 0.996867 0.000000 0.000000 0.000000 0.009768 0.999952
197.900000000 0.775641 0.996567 0.000000 0.000000 0.000000 0.007428 0.999972
197.950000000 0.788795 0.995675 0.000000 0.000000 0.000000 0.003332 0.999994
198.000000000 0.800407 0.994612 0.000000 0.000000 0.000000 0.004479 0.999990
198.050000000 0.811967 0.993989 0.000000 0.000000 0.000000 0.005887 0.999983
198.100000000 0.823289 0.994396 0.000000 0.000000 0.000000 0.008839 0.999961
198.150000000 0.834255 0.995344 0.000000 0.000000 0.000000 0.009861 0.999951
198.200000000 0.845872 0.996509 0.000000 0.000000 0.000000 0.007703 0.999970
198.250000000 0.859175 0.996257 0.000000 0.000000 0.000000 0.004522 0.999990
198.300000000 0.871436 0.996114 0.000000 0.000000 0.000000 0.004397 0.999990
198.350000000 0.885954 0.998010 0.000000 0.000000 0.000000 0.008852 0.999961
198.400000000 0.898407 0.998844 0.000000 0.000000 0.000000 0.009471 0.999955
198.450000000 0.909623 0.999158 0.000000 0.000000 0.000000 0.009772 0.999952
198.500000000 0.923488 1.001704 0.000000 0.000000 0.000000 0.008002 0.999968
198.550000000 0.936619 1.002483 0.000000 0.000000 0.000000 0.003398 0.999994
198.600000000 0.950344 1.001336 0.000000 0.000000 0.000000 0.004439 0.999990
198.650000000 0.962333 1.001749 0.000000 0.000000 0.000000 0.006644 0.999978
198.700000000 0.973402 1.002626 0.000000 0.000000 0.000000 0.009513 0.999955
198.750000000 0.983022 1.002894 0.000000 0.000000 0.000000 0.009198 0.999958
198.800000000 0.997151 1.006124 0.000000 0.000000 0.000000 0.008025 0.999968
198.850000000 1.010822 1.005821 0.000000 0.000000 0.000000 0.004142 0.999991
198.900000000 1.022798 1.005541 0.000000 0.000000 0.000000 0.005284 0.999986
198.950000000 1.036709 1.006488 0.000000 0.000000 0.000000 0.008130 0.999967
199.000000000 1.047824 1.006405 0.000000 0.000000 0.000000 0.009682 0.999953
199.050000000 1.058940 1.005706 0.000000 0.000000 0.000000 0.009193 0.999958
199.100000000 1.072560 1.007815 0.000000 0.000000 0.000000 0.007877 0.999969
199.150000000 1.085398 1.008508 0.000000 0.000000 0.000000 0.003810 0.999993
199.200000000 1.097961 1.007087 0.000000 0.000000 0.000000 0.004438 0.999990
199.250000000 1.112462 1.008637 0.000000 0.000000 0.000000 0.008175 0.999967
199.300000000 1.125815 1.009713 0.000000 0.000000 0.000000 0.010190 0.999948
199.350000000 1.136231 1.010097 0.000000 0.000000 0.000000 0.009372 0.999956
199.400000000 1.149837 1.011904 0.000000 0.000000 0.000000 0.008973 0.999960
199.450000000 1.162380 1.012178 0.000000 0.000000 0.000000 0.003718 0.999993
199.500000000 1.173911 1.010426 0.000000 0.000000 0.000000 0.004443 0.999990
199.550000000 1.185843 1.013167 0.000000 0.000000 0.000000 0.007124 0.999975
199.600000000 1.197761 1.014409 0.000000 0.000000 0.000000 0.008702 0.999962
199.650000000 1.208267 1.015325 0.000000 0.000000 0.000000 0.009950 0.999950
199.700000000 1.221195 1.019529 0.000000 0.000000 0.000000 0.008335 0.999965
199.750000000 1.233734 1.019061 0.000000 0.000000 0.000000 0.003201 0.999995
199.800000000 1.247876 1.019151 0.000000 0.000000 0.000000 0.003616 0.999993
199.850000000 1.260568 1.020368 0.000000 0.000000 0.000000 0.006201 0.999981
199.900000000 1.272417 1.022486 0.000000 0.000000 0.000000 0.009476 0.999955
199.950000000 1.282347 1.022704 0.000000 0.000000 0.000000 0.009928 0.999951
200.000000000 1.292752 1.024010 0.000000 0.000000 0.000000 0.008407 0.999965
200.050000000 1.307218 1.026214 0.000000 0.000000 0.000000 0.005544 0.999985
200.100000000 1.320366 1.026207 0.000000 0.000000 0.000000 0.004224 0.999991
200.150000000 1.333154 1.025401 0.000000 0.000000 0.000000 0.005512 0.999985
200.200000000 1.346626 1.025676 0.000000 0.000000 0.000000 0.008037 0.999968
200.250000000 1.357931 1.024904 0.000000 0.000000 0.000000 0.009440 0.999955
200.300000000 1.371521 1.026245 0.000000 0.000000 0.000000 0.006484 0.999979
200.350000000 1.384938 1.023995 0.000000 0.000000 0.000000 0.002738 0.999996
200.400000000 1.397351 1.023856 0.000000 0.000000 0.000000 0.004783 0.999989
200.450000000 1.410234 1.023825 0.000000 0.000000 0.000000 0.007505 0.999972
200.500000000 1.421497 1.024281 0.000000 0.000000 0.000000 0.010126 0.999949
200.550000000 1.431322 1.024095 0.000000 0.000000 0.000000 0.009382 0.999956
200.600000000 1.444105 1.027640 0.000000 0.000000 0.000000 0.008925 0.999960
200.650000000 1.457040 1.026064 0.000000 0.000000 0.000000 0.004190 0.999991
200.700000000 1.468699 1.026027 0.000000 0.000000 0.000000 0.004938 0.999988
200.750000000 1.481691 1.027525 0.000000 0.000000 0.000000 0.009594 0.999954
200.800000000 1.494012 1.028002 0.000000 0.000000 0.000000 0.010429 0.999946
200.850000000 1.504676 1.027934 0.000000 0.000000 0.000000 0.008797 0.999961
200.900000000 1.518911 1.029863 0.000000 0.000000 0.000000 0.008069 0.999967
200.950000000 1.530491 1.030618 0.000000 0.000000 0.000000 0.003502 0.999994
201.000000000 1.542012 1.028074 0.000000 0.000000 0.000000 0.005081 0.999987
201.050000000 1.556369 1.027271 0.000000 0.000000 0.000000 0.007813 0.999969
201.100000000 1.568772 1.027678 0.000000 0.000000 0.000000 0.009837 0.999952
201.150000000 1.579451 1.029154 0.000000 0.000000 0.000000 0.009146 0.999958
201.200000000 1.593622 1.030361 0.000000 0.000000 0.000000 0.006160 0.999981
201.250000000 1.605580 1.035671 0.000000 0.000000 0.000000 0.004756 0.999989
201.300000000 1.619157 1.037543 0.000000 0.000000 0.000000 0.006378 0.999980
201.350000000 1.630959 1.032889 0.000000 0.000000 0.000000 0.007982 0.999968
201.400000000 1.641771 1.035739 0.000000 0.000000 0.000000 0.011869 0.999930
201.450000000 1.652891 1.037917 0.000000 0.000000 0.000000 0.009011 0.999959
201.500000000 1.666499 1.038810 0.000000 0.000000 0.000000 0.004901 0.999988
201.550000000 1.679028 1.039792 0.000000 0.000000 0.000000 0.003939 0.999992
201.600000000 1.693675 1.037923 0.000000 0.000000 0.000000 0.005924 0.999982
201.650000000 1.706238 1.040474 0.000000 0.000000 0.000000 0.009803 0.999952
201.700000000 1.717110 1.041667 0.000000 0.000000 0.000000 0.010160 0.999948
201.750000000 1.727934 1.042430 0.000000 0.000000 0.000000 0.008831 0.999961
201.800000000 1.741043 1.045084 0.000000 0.000000 0.000000 0.008251 0.999966
201.850000000 1.752796 1.046224 0.000000 0.000000 0.000000 0.004121 0.999992
201.900000000 1.764452 1.046130 0.000000 0.000000 0.000000 0.006107 0.999981
201.950000000 1.778050 1.046575 0.000000 0.000000 0.000000 0.008994 0.999960
202.000000000 1.789333 1.046140 0.000000 0.000000 0.000000 0.009824 0.999952
202.050000000 1.800547 1.046205 0.000000 0.000000 0.000000 0.008883 0.999961
202.100000000 1.814298 1.049288 0.000000 0.000000 0.000000 0.006563 0.999978
202.150000000 1.825873 1.048291 0.000000 0.000000 0.000000 0.002975 0.999996
202.200000000 1.839181 1.048566 0.000000 0.000000 0.000000 0.006278 0.999980
202.250000000 1.852631 1.050948 0.000000 0.000000 0.000000 0.009196 0.999958
202.300000000 1.863562 1.053021 0.000000 0.000000 0.000000 0.010308 0.999947
202.350000000 1.875546 1.052719 0.000000 0.000000 0.000000 0.008918 0.999960
202.400000000 1.887722 1.055900 0.000000 0.000000 0.000000 0.007315 0.999973
202.450000000 1.899130 1.061242 0.000000 0.000000 0.000000 0.006213 0.999981
202.500000000 1.915458 1.057873 0.000000 0.000000 0.000000 0.006844 0.999977
202.550000000 1.927675 1.060483 0.000000 0.000000 0.000000 0.009558 0.999954
202.600000000 1.938459 1.064212 0.000000 0.000000 0.000000 0.010561 0.999944
202.650000000 1.949720 1.065071 0.000000 0.000000 0.000000 0.008051 0.999968
202.700000000 1.963121 1.069358 0.000000 0.000000 0.000000 0.006166 0.999981
202.750000000 1.975456 1.073333 0.000000 0.000000 0.000000 0.005413 0.999985
202.800000000 1.987589 1.073622 0.000000 0.000000 0.000000 0.006217 0.999981
202.850000000 2.000679 1.074215 0.000000 0.000000 0.000000 0.008827 0.999961
202.900000000 2.011563 1.074261 0.000000 0.000000 0.000000 0.009656 0.999953
202.950000000 2.022419 1.074845 0.000000 0.000000 0.000000 0.010808 0.999942
203.000000000 2.032179 1.075671 0.000000 0.000000 0.000000 0.018281 0.999833
203.050000000 2.039110 1.077489 0.000000 0.000000 0.000000 0.025913 0.999664
203.100000000 2.044928 1.081254 0.000000 0.000000 0.000000 0.035048 0.999386
203.150000000 2.048445 1.083487 0.000000 0.000000 0.000000 0.046095 0.998937
203.200000000 2.048803 1.084637 0.000000 0.000000 0.000000 0.050999 0.998699
203.250000000 2.046135 1.083424 0.000000 0.000000 0.000000 0.059169 0.998248
203.300000000 2.044935 1.080305 0.000000 0.000000 0.000000 0.062208 0.998063
203.350000000 2.045258 1.077615 0.000000 0.000000 0.000000 0.069429 0.997587
203.400000000 2.045131 1.076123 0.000000 0.000000 0.000000 0.078434 0.996919
203.450000000 2.046763 1.077173 0.000000 0.000000 0.000000 0.088974 0.996034
203.500000000 2.048428 1.076110 0.000000 0.000000 0.000000 0.095803 0.995400
203.550000000 2.049294 1.077890 0.000000 0.000000 0.000000 0.104636 0.994511
203.600000000 2.052355 1.081417 0.000000 0.000000 0.000000 0.108797 0.994064
203.650000000 2.053494 1.083022 0.000000 0.000000 0.000000 0.114314 0.993445
203.700000000 2.059562 1.079931 0.000000 0.000000 0.000000 0.123841 0.992302
203.750000000 2.062241 1.078788 0.000000 0.000000 0.000000 0.135850 0.990729
203.800000000 2.065237 1.084407 0.000000 0.000000 0.000000 0.141346 0.989960
203.850000000 2.071072 1.084400 0.000000 0.000000 0.000000 0.148904 0.988852
203.900000000 2.076714 1.084158 0.000000 0.000000 0.000000 0.150148 0.988663
203.950000000 2.077239 1.089138 0.000000 0.000000 0.000000 0.158827 0.987306
204.000000000 2.079478 1.090860 0.000000 0.000000 0.000000 0.164761 0.986334
204.050000000 2.083322 1.088108 0.000000 0.000000 0.000000 0.175437 0.984491
204.100000000 2.080527 1.094417 0.000000 0.000000 0.000000 0.184724 0.982790
204.150000000 2.081234 1.097771 0.000000 0.000000 0.000000 0.192531 0.981291
204.200000000 2.083162 1.098025 0.000000 0.000000 0.000000 0.194483 0.980906
204.250000000 2.086537 1.098433 0.000000 0.000000 0.000000 0.201923 0.979401
204.300000000 2.088625 1.102181 0.000000 0.000000 0.000000 0.212823 0.977091
204.350000000 2.090528 1.104720 0.000000 0.000000 0.000000 0.222242 0.974992
204.400000000 2.092029 1.107309 0.000000 0.000000 0.000000 0.229075 0.973409
204.450000000 2.094276 1.111329 0.000000 0.000000 0.000000 0.237037 0.971501
204.500000000 2.097282 1.112037 0.000000 0.000000 0.000000 0.237568 0.971371
204.550000000 2.099858 1.114475 0.000000 0.000000 0.000000 0.247454 0.968900
204.600000000 2.102825 1.119059 0.000000 0.000000 0.000000 0.257174 0.966365
204.650000000 2.105091 1.120628 0.000000 0.000000 0.000000 0.266049 0.963960
204.700000000 2.106956 1.123628 0.000000 0.000000 0.000000 0.272921 0.962036
204.750000000 2.109549 1.127627 0.000000 0.000000 0.000000 0.279508 0.960143
204.800000000 2.113055 1.127707 0.000000 0.000000 0.000000 0.280393 0.959885
204.850000000 2.115297 1.130722 0.000000 0.000000 0.000000 0.293877 0.955843
204.900000000 2.117252 1.132588 0.000000 0.000000 0.000000 0.301498 0.953467
204.950000000 2.118953 1.136719 0.000000 0.000000 0.000000 0.312717 0.949846
205.000000000 2.120199 1.137956 0.000000 0.000000 0.000000 0.317635 0.948213
205.050000000 2.122510 1.138786 0.000000 0.000000 0.000000 0.321144 0.947030
205.100000000 2.125193 1.140999 0.000000 0.000000 0.000000 0.325214 0.945640
205.150000000 2.127315 1.142480 0.000000 0.000000 0.000000 0.335387 0.942080
205.200000000 2.129845 1.144552 0.000000 0.000000 0.000000 0.341579 0.939853
205.250000000 2.131538 1.146475 0.000000 0.000000 0.000000 0.351100 0.936338
205.300000000 2.133035 1.149845 0.000000 0.000000 0.000000 0.357632 0.933863
205.350000000 2.134952 1.148623 0.000000 0.000000 0.000000 0.360122 0.932905
205.400000000 2.136297 1.152088 0.000000 0.000000 0.000000 0.366502 0.930417
205.450000000 2.138205 1.154369 0.000000 0.000000 0.000000 0.376812 0.926290
205.500000000 2.139764 1.156874 0.000000 0.000000 0.000000 0.385086 0.922881
205.550000000 2.140801 1.161183 0.000000 0.000000 0.000000 0.395070 0.918651
205.600000000 2.142030 1.162570 0.000000 0.000000 0.000000 0.399416 0.916770
205.650000000 2.144544 1.163525 0.000000 0.000000 0.000000 0.402707 0.915329
205.700000000 2.146458 1.169897 0.000000 0.000000 0.000000 0.409531 0.912296
205.750000000 2.148323 1.171182 0.000000 0.000000 0.000000 0.418593 0.908174
205.800000000 2.150559 1.173756 0.000000 0.000000 0.000000 0.424956 0.905214
205.850000000 2.152363 1.176932 0.000000 0.000000 0.000000 0.433493 0.901157
205.900000000 2.153554 1.177614 0.000000 0.000000 0.000000 0.438774 0.898598
205.950000000 2.156094 1.178901 0.000000 0.000000 0.000000 0.442297 0.896869
206.000000000 2.158517 1.184967 0.000000 0.000000 0.000000 0.449516 0.893272
206.050000000 2.160702 1.186784 0.000000 0.000000 0.000000 0.459348 0.888256
206.100000000 2.161996 1.189604 0.000000 0.000000 0.000000 0.465741 0.884921
206.150000000 2.162870 1.191823 0.000000 0.000000 0.000000 0.474890 0.880045
206.200000000 2.165453 1.192506 0.000000 0.000000 0.000000 0.477675 0.878537
206.250000000 2.165632 1.197287 0.000000 0.000000 0.000000 0.483546 0.875319
206.300000000 2.167659 1.200239 0.000000 0.000000 0.000000 0.489617 0.871938
206.350000000 2.171661 1.199903 0.000000 0.000000 0.000000 0.499945 0.866057
206.400000000 2.168278 1.208723 0.000000 0.000000 0.000000 0.509986 0.860183
206.450000000 2.169831 1.210435 0.000000 0.000000 0.000000 0.515697 0.856771
206.500000000 2.171665 1.212332 0.000000 0.000000 0.000000 0.519231 0.854634
206.550000000 2.173091 1.217561 0.000000 0.000000 0.000000 0.527351 0.849647
206.600000000 2.174262 1.219463 0.000000 0.000000 0.000000 0.534310 0.845289
206.650000000 2.176104 1.221257 0.000000 0.000000 0.000000 0.541298 0.840831
206.700000000 2.176757 1.224008 0.000000 0.000000 0.000000 0.548094 0.836417
206.750000000 2.177581 1.226568 0.000000 0.000000 0.000000 0.554278 0.832332
206.800000000 2.177767 1.230377 0.000000 0.000000 0.000000 0.555693 0.831388
206.850000000 2.179111 1.232950 0.000000 0.000000 0.000000 0.561852 0.827238
206.900000000 2.180189 1.235387 0.000000 0.000000 0.000000 0.569428 0.822041
206.950000000 2.185097 1.232586 0.000000 0.000000 0.000000 0.576309 0.817232
207.000000000 2.178945 1.240404 0.000000 0.000000 0.000000 0.586590 0.809884
207.050000000 2.179831 1.242068 0.000000 0.000000 0.000000 0.591512 0.806296
207.100000000 2.180313 1.244509 0.000000 0.000000 0.000000 0.592652 0.805458
207.150000000 2.181201 1.249516 0.000000 0.000000 0.000000 0.600396 0.799703
207.200000000 2.182251 1.250656 0.000000 0.000000 0.000000 0.606049 0.795427
207.250000000 2.184583 1.251478 0.000000 0.000000 0.000000 0.613899 0.789385
207.300000000 2.181291 1.258245 0.000000 0.000000 0.000000 0.621468 0.783439
207.350000000 2.181380 1.259944 0.000000 0.000000 0.000000 0.625417 0.780291
207.400000000 2.181988 1.263141 0.000000 0.000000 0.000000 0.626912 0.779090
207.450000000 2.183521 1.265485 0.000000 0.000000 0.000000 0.633437 0.773794
207.500000000 2.185680 1.265901 0.000000 0.000000 0.000000 0.639369 0.768900
207.550000000 2.186917 1.265000 0.000000 0.000000 0.000000 0.646827 0.762637
207.600000000 2.183013 1.274537 0.000000 0.000000 0.000000 0.655225 0.755434
207.650000000 2.185035 1.274214 0.000000 0.000000 0.000000 0.658906 0.752226
207.700000000 2.183340 1.280136 0.000000 0.000000 0.000000 0.662001 0.749503
207.750000000 2.184284 1.285134 0.000000 0.000000 0.000000 0.669112 0.743162
207.800000000 2.184889 1.286608 0.000000 0.000000 0.000000 0.673039 0.739607
207.850000000 2.186808 1.287212 0.000000 0.000000 0.000000 0.679742 0.733452
207.900000000 2.181837 1.292685 0.000000 0.000000 0.000000 0.687496 0.726188
207.950000000 2.183796 1.291318 0.000000 0.000000 0.000000 0.689409 0.724372
208.000000000 2.182388 1.300860 0.000000 0.000000 0.000000 0.695381 0.718641
208.050000000 2.184546 1.304367 0.000000 0.000000 0.000000 0.701952 0.712224
208.100000000 2.183617 1.307197 0.000000 0.000000 0.000000 0.700806 0.713352
208.150000000 2.180328 1.315594 0.000000 0.000000 0.000000 0.701655 0.712517
208.200000000 2.176617 1.324041 0.000000 0.000000 0.000000 0.699481 0.714651
208.250000000 2.177284 1.338542 0.000000 0.000000 0.000000 0.697154 0.716922
208.300000000 2.178124 1.352328 0.000000 0.000000 0.000000 0.696566 0.717493
208.350000000 2.179755 1.367840 0.000000 0.000000 0.000000 0.697586 0.716501
208.400000000 2.180873 1.381784 0.000000 0.000000 0.000000 0.699395 0.714735
208.450000000 2.183500 1.394244 0.000000 0.000000 0.000000 0.700200 0.713947
208.500000000 2.185918 1.408746 0.000000 0.000000 0.000000 0.699767 0.714371
208.550000000 2.189440 1.423312 0.000000 0.000000 0.000000 0.696899 0.717169
208.600000000 2.191062 1.437098 0.000000 0.000000 0.000000 0.697338 0.716742
208.650000000 2.193348 1.446821 0.000000 0.000000 0.000000 0.697336 0.716745
208.700000000 2.195903 1.458239 0.000000 0.000000 0.000000 0.698707 0.715408
208.750000000 2.200798 1.471055 0.000000 0.000000 0.000000 0.700159 0.713987
208.800000000 2.202791 1.482441 0.000000 0.000000 0.000000 0.699508 0.714625
208.850000000 2.203416 1.497993 0.000000 0.000000 0.000000 0.696903 0.717166
208.900000000 2.205941 1.509311 0.000000 0.000000 0.000000 0.697163 0.716912
208.950000000 2.205478 1.523848 0.000000 0.000000 0.000000 0.698377 0.715730
209.000000000 2.206035 1.528910 0.000000 0.000000 0.000000 0.699698 0.714438
209.050000000 2.205935 1.541438 0.000000 0.000000 0.000000 0.700758 0.713399
209.100000000 2.204575 1.555134 0.000000 0.000000 0.000000 0.697556 0.716530
209.150000000 2.206840 1.563791 0.000000 0.000000 0.000000 0.695767 0.718268
209.200000000 2.208170 1.572645 0.000000 0.000000 0.000000 0.696566 0.717492
209.250000000 2.206661 1.590872 0.000000 0.000000 0.000000 0.699595 0.714539
209.300000000 2.211078 1.592972 0.000000 0.000000 0.000000 0.701103 0.713060
209.350000000 2.210252 1.607194 0.000000 0.000000 0.000000 0.700680 0.713476
209.400000000 2.208398 1.622538 0.000000 0.000000 0.000000 0.697195 0.716881
209.450000000 2.207926 1.631639 0.000000 0.000000 0.000000 0.696218 0.717830
209.500000000 2.207738 1.642558 0.000000 0.000000 0.000000 0.697089 0.716985
209.550000000 2.208121 1.650816 0.000000 0.000000 0.000000 0.699081 0.715042
209.600000000 2.206003 1.665517 0.000000 0.000000 0.000000 0.701740 0.712433
209.650000000 2.203307 1.678922 0.000000 0.000000 0.000000 0.700806 0.713352
209.700000000 2.202397 1.692856 0.000000 0.000000 0.000000 0.698678 0.715436
209.750000000 2.203691 1.700849 0.000000 0.000000 0.000000 0.696163 0.717884
209.800000000 2.204668 1.711455 0.000000 0.000000 0.000000 0.696937 0.717132
209.850000000 2.205987 1.721752 0.000000 0.000000 0.000000 0.698002 0.716096
209.900000000 2.207765 1.727488 0.000000 0.000000 0.000000 0.700621 0.713533
209.950000000 2.203840 1.742719 0.000000 0.000000 0.000000 0.701058 0.713104
210.000000000 2.203431 1.756333 0.000000 0.000000 0.000000 0.697156 0.716919
210.050000000 2.207521 1.763893 0.000000 0.000000 0.000000 0.696189 0.717859
210.100000000 2.208114 1.774807 0.000000 0.000000 0.000000 0.697707 0.716383
210.150000000 2.209748 1.785139 0.000000 0.000000 0.000000 0.700688 0.713467
210.200000000 2.210624 1.797265 0.000000 0.000000 0.000000 0.700815 0.713343
210.250000000 2.210562 1.808895 0.000000 0.000000 0.000000 0.699297 0.714831
210.300000000 2.210303 1.822405 0.000000 0.000000 0.000000 0.697145 0.716930
210.354000000 2.212163 1.831102 0.000000 0.000000 0.000000 0.697013 0.717059
210.400000000 2.212107 1.842976 0.000000 0.000000 0.000000 0.698451 0.715658
210.450000000 2.214593 1.851114 0.000000 0.000000 0.000000 0.700467 0.713684
210.500000000 2.212004 1.862978 0.000000 0.000000 0.000000 0.700401 0.713750
210.550000000 2.210722 1.877319 0.000000 0.000000 0.000000 0.698294 0.715811
210.600000000 2.207869 1.891637 0.000000 0.000000 0.000000 0.697587 0.716500
210.650000000 2.207396 1.904158 0.000000 0.000000 0.000000 0.697136 0.716939
210.700000000 2.205393 1.921401 0.000000 0.000000 0.000000 0.699008 0.715114
210.750000000 2.204588 1.932975 0.000000 0.000000 0.000000 0.700356 0.713794
210.800000000 2.203185 1.946927 0.000000 0.000000 0.000000 0.700774 0.713383
210.850000000 2.202716 1.958411 0.000000 0.000000 0.000000 0.698865 0.715254
210.900000000 2.205609 1.974097 0.000000 0.000000 0.000000 0.696797 0.717268
210.950000000 2.205921 1.986100 0.000000 0.000000 0.000000 0.696895 0.717173
211.000000000 2.206168 1.998505 0.000000 0.000000 0.000000 0.698224 0.715879
211.050000000 2.206179 2.011120 0.000000 0.000000 0.000000 0.700669 0.713486
211.100000000 2.206975 2.021019 0.000000 0.000000 0.000000 0.700269 0.713879
211.150000000 2.207478 2.030763 0.000000 0.000000 0.000000 0.699170 0.714955
211.200000000 2.207097 2.048458 0.000000 0.000000 0.000000 0.698082 0.716018
211.250000000 2.210988 2.059707 0.000000 0.000000 0.000000 0.696088 0.717957
211.300000000 2.212692 2.071521 0.000000 0.000000 0.000000 0.697649 0.716440
211.350000000 2.213682 2.084277 0.000000 0.000000 0.000000 0.699719 0.714418
211.400000000 2.216330 2.099149 0.000000 0.000000 0.000000 0.700819 0.713339
211.450000000 2.217178 2.111309 0.000000 0.000000 0.000000 0.699456 0.714675
211.500000000 2.217533 2.125652 0.000000 0.000000 0.000000 0.696795 0.717270
211.550000000 2.219481 2.137708 0.000000 0.000000 0.000000 0.696323 0.717729
211.600000000 2.220162 2.148523 0.000000 0.000000 0.000000 0.697835 0.716259
211.650000000 2.221948 2.160232 0.000000 0.000000 0.000000 0.700366 0.713784
211.700000000 2.222140 2.171641 0.000000 0.000000 0.000000 0.700792 0.713366
211.750000000 2.222098 2.181994 0.000000 0.000000 0.000000 0.699535 0.714598
211.800000000 2.220616 2.196084 0.000000 0.000000 0.000000 0.697942 0.716154
211.850000000 2.224341 2.201598 0.000000 0.000000 0.000000 0.696035 0.718008
211.900000000 2.224181 2.213952 0.000000 0.000000 0.000000 0.698004 0.716093
211.950000000 2.223498 2.225148 0.000000 0.000000 0.000000 0.700468 0.713684
212.000000000 2.225855 2.233793 0.000000 0.000000 0.000000 0.700239 0.713908
212.050000000 2.225863 2.244589 0.000000 0.000000 0.000000 0.699511 0.714622
212.100000000 2.225169 2.259866 0.000000 0.000000 0.000000 0.697487 0.716597
212.150000000 2.226759 2.268994 0.000000 0.000000 0.000000 0.696377 0.717677
212.200000000 2.225616 2.281417 0.000000 0.000000 0.000000 0.699181 0.714945
212.250000000 2.228618 2.291805 0.000000 0.000000 0.000000 0.700716 0.713440
212.300000000 2.229155 2.301772 0.000000 0.000000 0.000000 0.700332 0.713818
212.350000000 2.229312 2.313123 0.000000 0.000000 0.000000 0.699289 0.714839
212.400000000 2.230745 2.325752 0.000000 0.000000 0.000000 0.696881 0.717187
212.450000000 2.230683 2.337944 0.000000 0.000000 0.000000 0.697150 0.716925
212.500000000 2.228681 2.350861 0.000000 0.000000 0.000000 0.698518 0.715592
212.550000000 2.230836 2.361676 0.000000 0.000000 0.000000 0.699796 0.714343
212.600000000 2.231047 2.372847 0.000000 0.000000 0.000000 0.702048 0.712129
212.650000000 2.229968 2.383167 0.000000 0.000000 0.000000 0.708937 0.705272
212.700000000 2.230839 2.386134 0.000000 0.000000 0.000000 0.711423 0.702764
212.750000000 2.229920 2.389915 0.000000 0.000000 0.000000 0.718924 0.695089
212.800000000 2.228996 2.392617 0.000000 0.000000 0.000000 0.726670 0.686987
212.850000000 2.231470 2.392922 0.000000 0.000000 0.000000 0.733260 0.679948
212.900000000 2.233279 2.391999 0.000000 0.000000 0.000000 0.737951 0.674854
212.950000000 2.232523 2.393953 0.000000 0.000000 0.000000 0.741815 0.670605
213.000000000 2.235276 2.391399 0.000000 0.000000 0.000000 0.744275 0.667874
213.050000000 2.236114 2.389123 0.000000 0.000000 0.000000 0.748978 0.662595
213.100000000 2.236114 2.388601 0.000000 0.000000 0.000000 0.751907 0.659270
213.150000000 2.234972 2.389406 0.000000 0.000000 0.000000 0.763220 0.646139
213.200000000 2.232526 2.391345 0.000000 0.000000 0.000000 0.768462 0.639895
213.250000000 2.231124 2.395497 0.000000 0.000000 0.000000 0.771987 0.635639
213.300000000 2.231330 2.399040 0.000000 0.000000 0.000000 0.775301 0.631592
213.350000000 2.229761 2.405924 0.000000 0.000000 0.000000 0.782307 0.622893
213.400000000 2.228703 2.411067 0.000000 0.000000 0.000000 0.786471 0.617627
213.450000000 2.230385 2.414249 0.000000 0.000000 0.000000 0.791607 0.611031
213.500000000 2.230751 2.418174 0.000000 0.000000 0.000000 0.795172 0.606384
213.550000000 2.229287 2.423956 0.000000 0.000000 0.000000 0.797501 0.603317
213.600000000 2.231604 2.425751 0.000000 0.000000 0.000000 0.799480 0.600692
213.650000000 2.231367 2.427894 0.000000 0.000000 0.000000 0.806249 0.591577
213.700000000 2.230905 2.429574 0.000000 0.000000 0.000000 0.809941 0.586512
213.750000000 2.229230 2.431733 0.000000 0.000000 0.000000 0.816552 0.577272
213.800000000 2.228338 2.433270 0.000000 0.000000 0.000000 0.820433 0.571742
213.850000000 2.225633 2.437617 0.000000 0.000000 0.000000 0.822774 0.568369
213.900000000 2.227779 2.436579 0.000000 0.000000 0.000000 0.824441 0.565947
213.950000000 2.226279 2.438976 0.000000 0.000000 0.000000 0.832637 0.553819
214.000000000 2.223668 2.441792 0.000000 0.000000 0.000000 0.837812 0.545959
214.050000000 2.223385 2.444081 0.000000 0.000000 0.000000 0.842662 0.538443
214.100000000 2.222438 2.446590 0.000000 0.000000 0.000000 0.845172 0.534494
214.150000000 2.221771 2.448923 0.000000 0.000000 0.000000 0.847323 0.531078
214.200000000 2.220293 2.447847 0.000000 0.000000 0.000000 0.851041 0.525100
214.250000000 2.217738 2.450962 0.000000 0.000000 0.000000 0.857845 0.513908
214.300000000 2.216295 2.453408 0.000000 0.000000 0.000000 0.861023 0.508566
214.350000000 2.217516 2.454327 0.000000 0.000000 0.000000 0.865316 0.501227
214.400000000 2.216413 2.458053 0.000000 0.000000 0.000000 0.867625 0.497219
214.450000000 2.215900 2.460141 0.000000 0.000000 0.000000 0.869858 0.493303
214.500000000 2.217904 2.456600 0.000000 0.000000 0.000000 0.872957 0.487797
214.550000000 2.213950 2.460499 0.000000 0.000000 0.000000 0.879080 0.476675
214.600000000 2.211806 2.463206 0.000000 0.000000 0.000000 0.882733 0.469874
214.650000000 2.213343 2.464295 0.000000 0.000000 0.000000 0.886785 0.462182
214.700000000 2.210925 2.467861 0.000000 0.000000 0.000000 0.889046 0.457818
214.750000000 2.209343 2.466643 0.000000 0.000000 0.000000 0.891236 0.453540
214.800000000 2.209472 2.468188 0.000000 0.000000 0.000000 0.893304 0.449453
214.850000000 2.204641 2.475772 0.000000 0.000000 0.000000 0.893797 0.448471
214.900000000 2.198342 2.478076 0.000000 0.000000 0.000000 0.893929 0.448208
214.950000000 2.191211 2.486055 0.000000 0.000000 0.000000 0.893487 0.449089
215.000000000 2.182872 2.495072 0.000000 0.000000 0.000000 0.893275 0.449510
215.050000000 2.177414 2.500503 0.000000 0.000000 0.000000 0.890952 0.454098
215.100000000 2.168212 2.514693 0.000000 0.000000 0.000000 0.891629 0.452768
215.150000000 2.156265 2.529979 0.000000 0.000000 0.000000 0.893339 0.449383
215.200000000 2.151972 2.534836 0.000000 0.000000 0.000000 0.893138 0.449784
215.250000000 2.143171 2.548779 0.000000 0.000000 0.000000 0.892891 0.450273
215.300000000 2.132371 2.561033 0.000000 0.000000 0.000000 0.891499 0.453022
215.350000000 2.127799 2.568903 0.000000 0.000000 0.000000 0.890775 0.454445
215.400000000 2.119125 2.579441 0.000000 0.000000 0.000000 0.892708 0.450636
215.450000000 2.111805 2.586272 0.000000 0.000000 0.000000 0.893846 0.448373
215.500000000 2.107765 2.592396 0.000000 0.000000 0.000000 0.893108 0.449842
215.550000000 2.100816 2.601922 0.000000 0.000000 0.000000 0.892542 0.450964
215.600000000 2.096417 2.609904 0.000000 0.000000 0.000000 0.891007 0.453990
215.650000000 2.090037 2.618113 0.000000 0.000000 0.000000 0.891334 0.453347
215.700000000 2.082509 2.628130 0.000000 0.000000 0.000000 0.890867 0.454265
215.750000000 2.077767 2.635010 0.000000 0.000000 0.000000 0.892470 0.451106
215.800000000 2.072158 2.642707 0.000000 0.000000 0.000000 0.892771 0.450511
215.850000000 2.064040 2.654939 0.000000 0.000000 0.000000 0.892364 0.451317
215.900000000 2.057051 2.660845 0.000000 0.000000 0.000000 0.891129 0.453751
215.950000000 2.047608 2.667082 0.000000 0.000000 0.000000 0.891521 0.452979
216.000000000 2.040161 2.680021 0.000000 0.000000 0.000000 0.892279 0.451485
216.050000000 2.033795 2.685436 0.000000 0.000000 0.000000 0.893451 0.449161
216.100000000 2.028715 2.692823 0.000000 0.000000 0.000000 0.893129 0.449801
216.150000000 2.019482 2.706600 0.000000 0.000000 0.000000 0.892766 0.450520
216.200000000 2.012966 2.713761 0.000000 0.000000 0.000000 0.891097 0.453812
216.250000000 2.003577 2.723175 0.000000 0.000000 0.000000 0.891682 0.452663
216.300000000 1.999915 2.732729 0.000000 0.000000 0.000000 0.891927 0.452179
216.350000000 1.993677 2.740512 0.000000 0.000000 0.000000 0.893383 0.449295
216.400000000 1.987906 2.746735 0.000000 0.000000 0.000000 0.893217 0.449625
216.450000000 1.981378 2.760985 0.000000 0.000000 0.000000 0.891783 0.452463
216.500000000 1.974434 2.765524 0.000000 0.000000 0.000000 0.890522 0.454940
216.550000000 1.965906 2.772719 0.000000 0.000000 0.000000 0.891526 0.452970
216.600000000 1.962014 2.781306 0.000000 0.000000 0.000000 0.892305 0.451434
216.650000000 1.955809 2.786970 0.000000 0.000000 0.000000 0.893595 0.448874
216.700000000 1.950106 2.794705 0.000000 0.000000 0.000000 0.892926 0.450204
216.750000000 1.940551 2.809553 0.000000 0.000000 0.000000 0.891718 0.452591
216.800000000 1.933128 2.808290 0.000000 0.000000 0.000000 0.891018 0.453969
216.850000000 1.928761 2.817318 0.000000 0.000000 0.000000 0.891021 0.453962
216.900000000 1.922092 2.828202 0.000000 0.000000 0.000000 0.891164 0.453681
216.950000000 1.915891 2.836025 0.000000 0.000000 0.000000 0.893023 0.450011
217.000000000 1.909416 2.844781 0.000000 0.000000 0.000000 0.892875 0.450304
217.050000000 1.900324 2.861021 0.000000 0.000000 0.000000 0.891742 0.452544
217.100000000 1.891716 2.858651 0.000000 0.000000 0.000000 0.891066 0.453873
217.150000000 1.883226 2.868274 0.000000 0.000000 0.000000 0.891633 0.452758
217.200000000 1.877220 2.878048 0.000000 0.000000 0.000000 0.892418 0.451210
217.250000000 1.871102 2.884443 0.000000 0.000000 0.000000 0.893426 0.449211
217.300000000 1.862531 2.894719 0.000000 0.000000 0.000000 0.892923 0.450209
217.350000000 1.856775 2.904364 0.000000 0.000000 0.000000 0.891340 0.453335
217.400000000 1.849998 2.907205 0.000000 0.000000 0.000000 0.891095 0.453817
217.450000000 1.845947 2.916654 0.000000 0.000000 0.000000 0.891402 0.453214
217.500000000 1.839454 2.926065 0.000000 0.000000 0.000000 0.892632 0.450786
217.550000000 1.833941 2.932368 0.000000 0.000000 0.000000 0.893360 0.449341
217.600000000 1.826186 2.942753 0.000000 0.000000 0.000000 0.893066 0.449925
217.650000000 1.817035 2.956224 0.000000 0.000000 0.000000 0.891877 0.452279
217.700000000 1.810663 2.957721 0.000000 0.000000 0.000000 0.890968 0.454066
217.750000000 1.807176 2.967118 0.000000 0.000000 0.000000 0.891215 0.453581
217.800000000 1.800306 2.977047 0.000000 0.000000 0.000000 0.891806 0.452419
217.850000000 1.792967 2.980383 0.000000 0.000000 0.000000 0.893201 0.449658
217.900000000 1.789189 2.989722 0.000000 0.000000 0.000000 0.892492 0.451063
217.950000000 1.781855 3.000833 0.000000 0.000000 0.000000 0.890953 0.454096
218.000000000 1.774821 3.002317 0.000000 0.000000 0.000000 0.891047 0.453912
218.050000000 1.768622 3.012413 0.000000 0.000000 0.000000 0.891860 0.452312
218.100000000 1.761342 3.019483 0.000000 0.000000 0.000000 0.893272 0.449516
218.150000000 1.754914 3.026989 0.000000 0.000000 0.000000 0.893261 0.449539
218.200000000 1.748794 3.034003 0.000000 0.000000 0.000000 0.895609 0.444842
218.250000000 1.743882 3.043489 0.000000 0.000000 0.000000 0.892258 0.451525
218.300000000 1.738266 3.054070 0.000000 0.000000 0.000000 0.891775 0.452479
218.350000000 1.730763 3.066850 0.000000 0.000000 0.000000 0.891759 0.452510
218.400000000 1.723793 3.074435 0.000000 0.000000 0.000000 0.892990 0.450077
218.450000000 1.717571 3.084513 0.000000 0.000000 0.000000 0.892948 0.450159
218.500000000 1.706871 3.102233 0.000000 0.000000 0.000000 0.891805 0.452421
218.550000000 1.701777 3.107024 0.000000 0.000000 0.000000 0.890562 0.454863
218.600000000 1.695845 3.114759 0.000000 0.000000 0.000000 0.891261 0.453491
218.650000000 1.684047 3.129301 0.000000 0.000000 0.000000 0.892670 0.450711
218.700000000 1.689620 3.121393 0.000000 0.000000 0.000000 0.891117 0.453774
218.750000000 1.687058 3.129396 0.000000 0.000000 0.000000 0.885795 0.464076
218.800000000 1.678468 3.136317 0.000000 0.000000 0.000000 0.879997 0.474979
218.850000000 1.676819 3.135893 0.000000 0.000000 0.000000 0.872241 0.489076
218.900000000 1.672029 3.136513 0.000000 0.000000 0.000000 0.869425 0.494065
218.950000000 1.676938 3.133549 0.000000 0.000000 0.000000 0.866799 0.498657
219.000000000 1.676881 3.129260 0.000000 0.000000 0.000000 0.864434 0.502747
219.050000000 1.677050 3.125587 0.000000 0.000000 0.000000 0.858741 0.512409
219.100000000 1.676203 3.124912 0.000000 0.000000 0.000000 0.854640 0.519220
219.150000000 1.676022 3.119094 0.000000 0.000000 0.000000 0.850821 0.525455
219.200000000 1.679690 3.120912 0.000000 0.000000 0.000000 0.853654 0.520841
219.250000000 1.679269 3.121307 0.000000 0.000000 0.000000 0.864844 0.502041
219.300000000 1.678893 3.121712 0.000000 0.000000 0.000000 0.872182 0.489182
219.350000000 1.678452 3.124277 0.000000 0.000000 0.000000 0.876925 0.480628
219.400000000 1.676236 3.121585 0.000000 0.000000 0.000000 0.877929 0.478791
219.450000000 1.674692 3.125642 0.000000 0.000000 0.000000 0.883504 0.468424
219.500000000 1.679436 3.129904 0.000000 0.000000 0.000000 0.885023 0.465546
219.550000000 1.677585 3.133753 0.000000 0.000000 0.000000 0.891143 0.453722
219.600000000 1.676477 3.137057 0.000000 0.000000 0.000000 0.893545 0.448975
219.650000000 1.670649 3.146564 0.000000 0.000000 0.000000 0.896790 0.442456
219.700000000 1.673817 3.145395 0.000000 0.000000 0.000000 0.897358 0.441304
219.750000000 1.672260 3.147448 0.000000 0.000000 0.000000 0.902612 0.430456
219.800000000 1.670386 3.149750 0.000000 0.000000 0.000000 0.905324 0.424723
219.850000000 1.669456 3.150693 0.000000 0.000000 0.000000 0.911098 0.412189
219.900000000 1.666398 3.155911 0.000000 0.000000 0.000000 0.913899 0.405942
219.950000000 1.664585 3.156333 0.000000 0.000000 0.000000 0.916214 0.400688
220.000000000 1.662923 3.155507 0.000000 0.000000 0.000000 0.919326 0.393497
220.050000000 1.659397 3.159439 0.000000 0.000000 0.000000 0.924426 0.381361
220.100000000 1.657274 3.159430 0.000000 0.000000 0.000000 0.926833 0.375474
220.150000000 1.656823 3.158911 0.000000 0.000000 0.000000 0.929698 0.368322
220.200000000 1.653696 3.163217 0.000000 0.000000 0.000000 0.931459 0.363845
220.250000000 1.654161 3.161070 0.000000 0.000000 0.000000 0.932561 0.361012
220.300000000 1.653089 3.162652 0.000000 0.000000 0.000000 0.935218 0.354072
220.350000000 1.649655 3.166152 0.000000 0.000000 0.000000 0.939220 0.343317
220.400000000 1.647307 3.168523 0.000000 0.000000 0.000000 0.942162 0.335158
220.450000000 1.646394 3.169883 0.000000 0.000000 0.000000 0.945532 0.325530
220.500000000 1.644569 3.172068 0.000000 0.000000 0.000000 0.947013 0.321196
220.550000000 1.643006 3.173889 0.000000 0.000000 0.000000 0.949430 0.313979
220.600000000 1.638515 3.181121 0.000000 0.000000 0.000000 0.952830 0.303505
220.650000000 1.639193 3.177800 0.000000 0.000000 0.000000 0.955972 0.293459
220.700000000 1.647575 3.166768 0.000000 0.000000 0.000000 0.957479 0.288503
220.750000000 1.639962 3.172767 0.000000 0.000000 0.000000 0.960559 0.278077
220.800000000 1.645587 3.173055 0.000000 0.000000 0.000000 0.960078 0.279732
220.850000000 1.644532 3.174159 0.000000 0.000000 0.000000 0.962775 0.270302
220.900000000 1.638210 3.180178 0.000000 0.000000 0.000000 0.965381 0.260845
220.950000000 1.635503 3.181102 0.000000 0.000000 0.000000 0.968126 0.250465
221.000000000 1.630564 3.177790 0.000000 0.000000 0.000000 0.969551 0.244888
221.050000000 1.634346 3.177012 0.000000 0.000000 0.000000 0.970843 0.239718
221.100000000 1.631021 3.178187 0.000000 0.000000 0.000000 0.971634 0.236488
221.150000000 1.627699 3.177862 0.000000 0.000000 0.000000 0.974266 0.225401
221.200000000 1.623581 3.179020 0.000000 0.000000 0.000000 0.975807 0.218633
221.250000000 1.617217 3.183355 0.000000 0.000000 0.000000 0.978097 0.208147
221.300000000 1.616161 3.184299 0.000000 0.000000 0.000000 0.979147 0.203152
221.350000000 1.613132 3.186077 0.000000 0.000000 0.000000 0.980542 0.196312
221.400000000 1.609560 3.185669 0.000000 0.000000 0.000000 0.981059 0.193708
221.450000000 1.606765 3.184375 0.000000 0.000000 0.000000 0.982661 0.185412
221.500000000 1.601821 3.185296 0.000000 0.000000 0.000000 0.984212 0.176994
221.550000000 1.601750 3.186699 0.000000 0.000000 0.000000 0.985933 0.167143
221.600000000 1.597639 3.184651 0.000000 0.000000 0.000000 0.987371 0.158424
221.650000000 1.597395 3.185575 0.000000 0.000000 0.000000 0.988593 0.150610
221.700000000 1.596188 3.186396 0.000000 0.000000 0.000000 0.988670 0.150104
221.750000000 1.595224 3.184091 0.000000 0.000000 0.000000 0.989990 0.141135
221.800000000 1.591697 3.187354 0.000000 0.000000 0.000000 0.991265 0.131888
221.850000000 1.589515 3.188027 0.000000 0.000000 0.000000 0.992553 0.121815
221.900000000 1.587595 3.186451 0.000000 0.000000 0.000000 0.993336 0.115252
221.950000000 1.589145 3.188805 0.000000 0.000000 0.000000 0.993998 0.109395
222.000000000 1.588120 3.187885 0.000000 0.000000 0.000000 0.994219 0.107374
222.050000000 1.591818 3.180175 0.000000 0.000000 0.000000 0.995191 0.097949
222.100000000 1.587218 3.187295 0.000000 0.000000 0.000000 0.996015 0.089182
222.150000000 1.584452 3.188356 0.000000 0.000000 0.000000 0.996834 0.079505
222.200000000 1.587183 3.183426 0.000000 0.000000 0.000000 0.997305 0.073372
222.250000000 1.581119 3.190426 0.000000 0.000000 0.000000 0.997931 0.064295
222.300000000 1.581089 3.184338 0.000000 0.000000 0.000000 0.998004 0.063145
222.350000000 1.580014 3.184618 0.000000 0.000000 0.000000 0.998617 0.052566
222.400000000 1.575759 3.190952 0.000000 0.000000 0.000000 0.998573 0.053409
222.450000000 1.570960 3.192914 0.000000 0.000000 0.000000 0.999242 0.038938
222.500000000 1.569107 3.191160 0.000000 0.000000 0.000000 0.999597 0.028374
222.550000000 1.565686 3.190823 0.000000 0.000000 0.000000 0.999785 0.020744
222.600000000 1.561362 3.188950 0.000000 0.000000 0.000000 0.999875 0.015816
222.650000000 1.560363 3.186200 0.000000 0.000000 0.000000 0.999930 0.011828
222.700000000 1.551470 3.188602 0.000000 0.000000 0.000000 0.999930 0.011806
222.750000000 1.545906 3.185624 0.000000 0.000000 0.000000 0.999938 0.011137
222.800000000 1.536368 3.184728 0.000000 0.000000 0.000000 0.999906 0.013675
222.850000000 1.522351 3.186678 0.000000 0.000000 0.000000 0.999874 0.015852
222.900000000 1.510987 3.186692 0.000000 0.000000 0.000000 0.999878 0.015628
222.950000000 1.491918 3.191949 0.000000 0.000000 0.000000 0.999918 0.012808
223.000000000 1.478898 3.189132 0.000000 0.000000 0.000000 0.999943 0.010693
223.050000000 1.466920 3.186726 0.000000 0.000000 0.000000 0.999931 0.011738
223.100000000 1.448249 3.190378 0.000000 0.000000 0.000000 0.999924 0.012319
223.150000000 1.432064 3.192622 0.000000 0.000000 0.000000 0.999872 0.016009
223.200000000 1.419246 3.195102 0.000000 0.000000 0.000000 0.999886 0.015089
223.250000000 1.404933 3.196692 0.000000 0.000000 0.000000 0.999907 0.013606
223.300000000 1.392447 3.193425 0.000000 0.000000 0.000000 0.999936 0.011348
223.350000000 1.384754 3.194515 0.000000 0.000000 0.000000 0.999927 0.012076
223.400000000 1.370210 3.196680 0.000000 0.000000 0.000000 0.999898 0.014270
223.450000000 1.366495 3.187843 0.000000 0.000000 0.000000 0.999835 0.018176
223.500000000 1.354052 3.191432 0.000000 0.000000 0.000000 0.999892 0.014678
223.550000000 1.341440 3.191719 0.000000 0.000000 0.000000 0.999927 0.012118
223.600000000 1.331321 3.195074 0.000000 0.000000 0.000000 0.999953 0.009657
223.650000000 1.322342 3.193715 0.000000 0.000000 0.000000 0.999932 0.011675
223.700000000 1.310305 3.192162 0.000000 0.000000 0.000000 0.999890 0.014818
223.750000000 1.301814 3.189646 0.000000 0.000000 0.000000 0.999861 0.016666
223.800000000 1.289957 3.190314 0.000000 0.000000 0.000000 0.999887 0.015056
223.850000000 1.273600 3.193574 0.000000 0.000000 0.000000 0.999945 0.010526
223.900000000 1.265443 3.190379 0.000000 0.000000 0.000000 0.999943 0.010640
223.950000000 1.253136 3.191803 0.000000 0.000000 0.000000 0.999934 0.011456
224.000000000 1.240493 3.189321 0.000000 0.000000 0.000000 0.999900 0.014130
224.050000000 1.225002 3.183180 0.000000 0.000000 0.000000 0.999878 0.015625
224.100000000 1.212758 3.192474 0.000000 0.000000 0.000000 0.999893 0.014644
224.150000000 1.197265 3.196349 0.000000 0.000000 0.000000 0.999933 0.011608
224.200000000 1.186733 3.188866 0.000000 0.000000 0.000000 0.999945 0.010446
224.250000000 1.175579 3.190965 0.000000 0.000000 0.000000 0.999931 0.011780
224.300000000 1.165349 3.186073 0.000000 0.000000 0.000000 0.999892 0.014726
224.350000000 1.149671 3.186161 0.000000 0.000000 0.000000 0.999882 0.015387
224.400000000 1.136065 3.191438 0.000000 0.000000 0.000000 0.999896 0.014443
224.450000000 1.123018 3.195184 0.000000 0.000000 0.000000 0.999929 0.011933
224.500000000 1.115174 3.190092 0.000000 0.000000 0.000000 0.999945 0.010494
224.550000000 1.105237 3.183584 0.000000 0.000000 0.000000 0.999937 0.011230
224.600000000 1.094613 3.182253 0.000000 0.000000 0.000000 0.999909 0.013519
224.650000000 1.088348 3.179768 0.000000 0.000000 0.000000 0.999856 0.016984
224.700000000 1.077207 3.180946 0.000000 0.000000 0.000000 0.999891 0.014786
224.750000000 1.062493 3.183148 0.000000 0.000000 0.000000 0.999913 0.013179
224.800000000 1.048786 3.188804 0.000000 0.000000 0.000000 0.999944 0.010549
224.850000000 1.037713 3.188852 0.000000 0.000000 0.000000 0.999932 0.011702
224.900000000 1.028113 3.182717 0.000000 0.000000 0.000000 0.999891 0.014736
224.950000000 1.017337 3.178887 0.000000 0.000000 0.000000 0.999869 0.016168
225.000000000 1.003869 3.185697 0.000000 0.000000 0.000000 0.999892 0.014672
225.050000000 0.988238 3.189600 0.000000 0.000000 0.000000 0.999931 0.011748
225.100000000 0.977721 3.187210 0.000000 0.000000 0.000000 0.999948 0.010228
225.150000000 0.968314 3.185037 0.000000 0.000000 0.000000 0.999956 0.009398
225.200000000 0.957721 3.184899 0.000000 0.000000 0.000000 0.999950 0.010027
225.250000000 0.946940 3.184846 0.000000 0.000000 0.000000 0.999881 0.015413
225.300000000 0.933225 3.186366 0.000000 0.000000 0.000000 0.999896 0.014388
225.350000000 0.919829 3.188038 0.000000 0.000000 0.000000 0.999923 0.012449
225.400000000 0.908409 3.187100 0.000000 0.000000 0.000000 0.999942 0.010813
225.450000000 0.897904 3.186309 0.000000 0.000000 0.000000 0.999934 0.011519
225.500000000 0.885058 3.188815 0.000000 0.000000 0.000000 0.999907 0.013640
225.550000000 0.875284 3.183296 0.000000 0.000000 0.000000 0.999854 0.017088
225.600000000 0.864028 3.186670 0.000000 0.000000 0.000000 0.999887 0.015013
225.650000000 0.847355 3.189506 0.000000 0.000000 0.000000 0.999920 0.012673
225.700000000 0.835794 3.188277 0.000000 0.000000 0.000000 0.999942 0.010724
225.750000000 0.826273 3.187177 0.000000 0.000000 0.000000 0.999934 0.011510
225.800000000 0.814315 3.188353 0.000000 0.000000 0.000000 0.999933 0.011549
225.850000000 0.802568 3.186944 0.000000 0.000000 0.000000 0.999879 0.015539
225.900000000 0.790872 3.189990 0.000000 0.000000 0.000000 0.999891 0.014731
225.950000000 0.774182 3.195024 0.000000 0.000000 0.000000 0.999930 0.011817
226.000000000 0.763706 3.192840 0.000000 0.000000 0.000000 0.999944 0.010559
226.050000000 0.754155 3.190996 0.000000 0.000000 0.000000 0.999934 0.011458
226.100000000 0.741142 3.189043 0.000000 0.000000 0.000000 0.999925 0.012233
226.150000000 0.730023 3.183630 0.000000 0.000000 0.000000 0.999864 0.016518
226.200000000 0.711905 3.185130 0.000000 0.000000 0.000000 0.999906 0.013729
226.250000000 0.706731 3.186217 0.000000 0.000000 0.000000 0.999887 0.015010
226.300000000 0.695206 3.188997 0.000000 0.000000 0.000000 0.999938 0.011155
226.350000000 0.682504 3.183113 0.000000 0.000000 0.000000 0.999944 0.010619
226.400000000 0.677587 3.178513 0.000000 0.000000 0.000000 0.999877 0.015671
226.450000000 0.665188 3.177530 0.000000 0.000000 0.000000 0.999859 0.016795
226.500000000 0.653732 3.182843 0.000000 0.000000 0.000000 0.999891 0.014740
226.550000000 0.642878 3.178172 0.000000 0.000000 0.000000 0.999917 0.012917
226.600000000 0.636712 3.180047 0.000000 0.000000 0.000000 0.999943 0.010682
226.650000000 0.626804 3.179413 0.000000 0.000000 0.000000 0.999936 0.011340
226.700000000 0.615440 3.175149 0.000000 0.000000 0.000000 0.999901 0.014067
226.750000000 0.602698 3.176038 0.000000 0.000000 0.000000 0.999870 0.016154
226.800000000 0.593167 3.181899 0.000000 0.000000 0.000000 0.999881 0.015438
226.850000000 0.579439 3.183065 0.000000 0.000000 0.000000 0.999918 0.012842
226.900000000 0.569057 3.182485 0.000000 0.000000 0.000000 0.999941 0.010825
226.950000000 0.556053 3.176177 0.000000 0.000000 0.000000 0.999947 0.010250
227.000000000 0.548358 3.174659 0.000000 0.000000 0.000000 0.999907 0.013622
227.050000000 0.538662 3.171258 0.000000 0.000000 0.000000 0.999862 0.016631
227.100000000 0.520164 3.172662 0.000000 0.000000 0.000000 0.999901 0.014051
227.150000000 0.515899 3.172531 0.000000 0.000000 0.000000 0.999890 0.014843
227.200000000 0.506021 3.176338 0.000000 0.000000 0.000000 0.999941 0.010822
227.250000000 0.497276 3.174251 0.000000 0.000000 0.000000 0.999938 0.011116
227.300000000 0.487693 3.170134 0.000000 0.000000 0.000000 0.999911 0.013350
227.350000000 0.476392 3.169505 0.000000 0.000000 0.000000 0.999866 0.016392
227.400000000 0.464883 3.173156 0.000000 0.000000 0.000000 0.999887 0.015003
227.450000000 0.453214 3.171674 0.000000 0.000000 0.000000 0.999911 0.013334
227.500000000 0.442567 3.173656 0.000000 0.000000 0.000000 0.999940 0.010915
227.550000000 0.434838 3.171845 0.000000 0.000000 0.000000 0.999933 0.011554
227.600000000 0.421014 3.168329 0.000000 0.000000 0.000000 0.999918 0.012843
227.650000000 0.409920 3.168579 0.000000 0.000000 0.000000 0.999862 0.016613
227.700000000 0.403112 3.173757 0.000000 0.000000 0.000000 0.999875 0.015796
227.750000000 0.391303 3.173973 0.000000 0.000000 0.000000 0.999902 0.014024
227.800000000 0.375790 3.175925 0.000000 0.000000 0.000000 0.999936 0.011289
227.850000000 0.370298 3.173509 0.000000 0.000000 0.000000 0.999935 0.011423
227.900000000 0.356889 3.175119 0.000000 0.000000 0.000000 0.999929 0.011927
227.950000000 0.345198 3.169353 0.000000 0.000000 0.000000 0.999874 0.015882
228.000000000 0.337801 3.173546 0.000000 0.000000 0.000000 0.999862 0.016622
228.050000000 0.326646 3.173130 0.000000 0.000000 0.000000 0.999891 0.014775
228.100000000 0.312889 3.176113 0.000000 0.000000 0.000000 0.999919 0.012699
228.150000000 0.301992 3.174249 0.000000 0.000000 0.000000 0.999946 0.010383
228.200000000 0.292220 3.174975 0.000000 0.000000 0.000000 0.999929 0.011946
228.250000000 0.279538 3.173649 0.000000 0.000000 0.000000 0.999895 0.014484
228.300000000 0.273063 3.173241 0.000000 0.000000 0.000000 0.999853 0.017148
228.350000000 0.258455 3.172810 0.000000 0.000000 0.000000 0.999900 0.014138
228.400000000 0.247154 3.174938 0.000000 0.000000 0.000000 0.999910 0.013398
228.450000000 0.236750 3.174172 0.000000 0.000000 0.000000 0.999940 0.010967
228.500000000 0.225793 3.174777 0.000000 0.000000 0.000000 0.999926 0.012200
228.550000000 0.213748 3.173564 0.000000 0.000000 0.000000 0.999865 0.016405
228.600000000 0.203370 3.172246 0.000000 0.000000 0.000000 0.999873 0.015939
228.650000000 0.189207 3.175154 0.000000 0.000000 0.000000 0.999895 0.014497
228.700000000 0.176882 3.175183 0.000000 0.000000 0.000000 0.999922 0.012504
228.750000000 0.166506 3.174895 0.000000 0.000000 0.000000 0.999942 0.010787
228.800000000 0.155521 3.175397 0.000000 0.000000 0.000000 0.999927 0.012099
228.850000000 0.142862 3.175393 0.000000 0.000000 0.000000 0.999878 0.015632
228.900000000 0.129583 3.174708 0.000000 0.000000 0.000000 0.999880 0.015519
228.950000000 0.118570 3.176624 0.000000 0.000000 0.000000 0.999890 0.014859
229.000000000 0.106356 3.177030 0.000000 0.000000 0.000000 0.999916 0.012930
229.050000000 0.095433 3.177122 0.000000 0.000000 0.000000 0.999944 0.010573
229.100000000 0.084690 3.177885 0.000000 0.000000 0.000000 0.999929 0.011948
229.150000000 0.072302 3.175887 0.000000 0.000000 0.000000 0.999875 0.015824
229.200000000 0.063984 3.176861 0.000000 0.000000 0.000000 0.999866 0.016351
229.250000000 0.052191 3.180276 0.000000 0.000000 0.000000 0.999891 0.014782
229.300000000 0.039814 3.181109 0.000000 0.000000 0.000000 0.999915 0.013014
229.350000000 0.029676 3.179873 0.000000 0.000000 0.000000 0.999942 0.010771
229.400000000 0.019134 3.181190 0.000000 0.000000 0.000000 0.999929 0.011913
229.450000000 0.006602 3.179585 0.000000 0.000000 0.000000 0.999889 0.014928
229.500000000 -0.001050 3.179949 0.000000 0.000000 0.000000 0.999862 0.016627
229.550000000 -0.016918 3.183146 0.000000 0.000000 0.000000 0.999900 0.014177
229.600000000 -0.030252 3.184459 0.000000 0.000000 0.000000 0.999911 0.013335
229.650000000 -0.040218 3.183840 0.000000 0.000000 0.000000 0.999940 0.010918
229.700000000 -0.050567 3.183979 0.000000 0.000000 0.000000 0.999932 0.011679
229.750000000 -0.063229 3.183264 0.000000 0.000000 0.000000 0.999900 0.014142
229.800000000 -0.070580 3.182049 0.000000 0.000000 0.000000 0.999857 0.016923
229.850000000 -0.087141 3.184797 0.000000 0.000000 0.000000 0.999896 0.014441
229.900000000 -0.099901 3.185788 0.000000 0.000000 0.000000 0.999885 0.015178
229.950000000 -0.110463 3.185203 0.000000 0.000000 0.000000 0.999937 0.011244
230.000000000 -0.121598 3.184928 0.000000 0.000000 0.000000 0.999930 0.011805
230.050000000 -0.133679 3.185008 0.000000 0.000000 0.000000 0.999888 0.015000
230.100000000 -0.145987 3.184229 0.000000 0.000000 0.000000 0.999870 0.016098
230.150000000 -0.158451 3.184925 0.000000 0.000000 0.000000 0.999889 0.014890
230.200000000 -0.171446 3.184764 0.000000 0.000000 0.000000 0.999907 0.013618
230.250000000 -0.181891 3.183765 0.000000 0.000000 0.000000 0.999943 0.010709
230.300000000 -0.191456 3.183546 0.000000 0.000000 0.000000 0.999932 0.011674
230.350000000 -0.203115 3.183340 0.000000 0.000000 0.000000 0.999907 0.013608
230.400000000 -0.215748 3.183727 0.000000 0.000000 0.000000 0.999875 0.015835
230.450000000 -0.228901 3.183812 0.000000 0.000000 0.000000 0.999888 0.014949
230.500000000 -0.241182 3.184227 0.000000 0.000000 0.000000 0.999927 0.012050
230.550000000 -0.252034 3.184148 0.000000 0.000000 0.000000 0.999953 0.009744
230.600000000 -0.261393 3.185265 0.000000 0.000000 0.000000 0.999931 0.011736
230.650000000 -0.273835 3.183314 0.000000 0.000000 0.000000 0.999886 0.015085
230.700000000 -0.283321 3.183602 0.000000 0.000000 0.000000 0.999865 0.016434
230.750000000 -0.297762 3.189686 0.000000 0.000000 0.000000 0.999894 0.014529
230.800000000 -0.310369 3.190688 0.000000 0.000000 0.000000 0.999916 0.012948
230.850000000 -0.321517 3.190334 0.000000 0.000000 0.000000 0.999946 0.010362
230.900000000 -0.331262 3.191503 0.000000 0.000000 0.000000 0.999928 0.012014
230.950000000 -0.343433 3.191235 0.000000 0.000000 0.000000 0.999902 0.014006
231.000000000 -0.353482 3.189743 0.000000 0.000000 0.000000 0.999865 0.016440
231.050000000 -0.368062 3.194603 0.000000 0.000000 0.000000 0.999892 0.014698
231.100000000 -0.381086 3.196457 0.000000 0.000000 0.000000 0.999922 0.012499
231.150000000 -0.391171 3.196235 0.000000 0.000000 0.000000 0.999947 0.010333
231.200000000 -0.401271 3.196466 0.000000 0.000000 0.000000 0.999931 0.011763
231.250000000 -0.415018 3.188642 0.000000 0.000000 0.000000 0.999876 0.015771
231.300000000 -0.425147 3.192715 0.000000 0.000000 0.000000 0.999873 0.015916
231.350000000 -0.440191 3.193592 0.000000 0.000000 0.000000 0.999896 0.014430
231.400000000 -0.450564 3.195676 0.000000 0.000000 0.000000 0.999921 0.012609
231.450000000 -0.460424 3.195178 0.000000 0.000000 0.000000 0.999938 0.011119
231.500000000 -0.471577 3.195352 0.000000 0.000000 0.000000 0.999914 0.013101
231.550000000 -0.482414 3.192579 0.000000 0.000000 0.000000 0.999857 0.016906
231.600000000 -0.494985 3.195865 0.000000 0.000000 0.000000 0.999881 0.015435
231.650000000 -0.506995 3.197532 0.000000 0.000000 0.000000 0.999902 0.013980
231.700000000 -0.518926 3.197935 0.000000 0.000000 0.000000 0.999937 0.011188
231.750000000 -0.532384 3.193014 0.000000 0.000000 0.000000 0.999949 0.010099
231.800000000 -0.540567 3.197600 0.000000 0.000000 0.000000 0.999918 0.012805
231.850000000 -0.555101 3.191683 0.000000 0.000000 0.000000 0.999879 0.015549
231.900000000 -0.566254 3.196423 0.000000 0.000000 0.000000 0.999878 0.015590
231.950000000 -0.580323 3.199921 0.000000 0.000000 0.000000 0.999906 0.013675
232.000000000 -0.591781 3.201722 0.000000 0.000000 0.000000 0.999937 0.011185
232.050000000 -0.604005 3.198487 0.000000 0.000000 0.000000 0.999944 0.010566
232.100000000 -0.615017 3.197709 0.000000 0.000000 0.000000 0.999932 0.011673
232.150000000 -0.629634 3.196529 0.000000 0.000000 0.000000 0.999895 0.014494
232.200000000 -0.638687 3.200559 0.000000 0.000000 0.000000 0.999876 0.015739
232.250000000 -0.649920 3.200856 0.000000 0.000000 0.000000 0.999896 0.014451
232.300000000 -0.663019 3.205030 0.000000 0.000000 0.000000 0.999916 0.012996
232.350000000 -0.673637 3.204852 0.000000 0.000000 0.000000 0.999942 0.010740
232.400000000 -0.685056 3.206088 0.000000 0.000000 0.000000 0.999929 0.011898
232.450000000 -0.699650 3.196517 0.000000 0.000000 0.000000 0.999877 0.015681
232.500000000 -0.710300 3.200117 0.000000 0.000000 0.000000 0.999872 0.015979
232.550000000 -0.723932 3.203280 0.000000 0.000000 0.000000 0.999894 0.014549
232.600000000 -0.736521 3.203398 0.000000 0.000000 0.000000 0.999915 0.013035
232.650000000 -0.747162 3.202418 0.000000 0.000000 0.000000 0.999942 0.010778
232.700000000 -0.757251 3.201830 0.000000 0.000000 0.000000 0.999930 0.011824
232.750000000 -0.771331 3.198650 0.000000 0.000000 0.000000 0.999879 0.015550
232.800000000 -0.782332 3.201917 0.000000 0.000000 0.000000 0.999868 0.016269
232.850000000 -0.794137 3.202838 0.000000 0.000000 0.000000 0.999889 0.014922
232.900000000 -0.805864 3.203034 0.000000 0.000000 0.000000 0.999905 0.013748
232.950000000 -0.816102 3.203102 0.000000 0.000000 0.000000 0.999940 0.010965
233.000000000 -0.825838 3.203396 0.000000 0.000000 0.000000 0.999933 0.011578
233.050000000 -0.836896 3.203824 0.000000 0.000000 0.000000 0.999900 0.014168
233.100000000 -0.849395 3.204548 0.000000 0.000000 0.000000 0.999869 0.016184
233.150000000 -0.861730 3.205636 0.000000 0.000000 0.000000 0.999885 0.015171
233.200000000 -0.874170 3.206482 0.000000 0.000000 0.000000 0.999906 0.013689
233.250000000 -0.885313 3.206759 0.000000 0.000000 0.000000 0.999941 0.010884
233.300000000 -0.895503 3.207333 0.000000 0.000000 0.000000 0.999936 0.011284
233.350000000 -0.906923 3.207461 0.000000 0.000000 0.000000 0.999912 0.013243
233.400000000 -0.919646 3.207444 0.000000 0.000000 0.000000 0.999876 0.015717
233.450000000 -0.932797 3.208763 0.000000 0.000000 0.000000 0.999886 0.015122
233.500000000 -0.944843 3.209208 0.000000 0.000000 0.000000 0.999922 0.012469
233.550000000 -0.956007 3.209497 0.000000 0.000000 0.000000 0.999951 0.009887
233.600000000 -0.965921 3.207841 0.000000 0.000000 0.000000 0.999942 0.010788
233.650000000 -0.978714 3.206130 0.000000 0.000000 0.000000 0.999919 0.012724
233.700000000 -0.988738 3.202567 0.000000 0.000000 0.000000 0.999869 0.016191
233.750000000 -0.997839 3.207048 0.000000 0.000000 0.000000 0.999880 0.015515
233.800000000 -1.011459 3.205528 0.000000 0.000000 0.000000 0.999906 0.013706
233.850000000 -1.021405 3.211693 0.000000 0.000000 0.000000 0.999938 0.011156
233.900000000 -1.032560 3.212905 0.000000 0.000000 0.000000 0.999943 0.010643
233.951000000 -1.043667 3.212837 0.000000 0.000000 0.000000 0.999919 0.012711
234.000000000 -1.061429 3.204192 0.000000 0.000000 0.000000 0.999886 0.015091
234.050000000 -1.074106 3.211962 0.000000 0.000000 0.000000 0.999876 0.015719
234.100000000 -1.086254 3.211026 0.000000 0.000000 0.000000 0.999891 0.014754
234.150000000 -1.097158 3.209063 0.000000 0.000000 0.000000 0.999993 0.003790
234.200000000 -1.106219 3.205333 0.000000 0.000000 0.000000 -0.999986 0.005221
234.250000000 -1.112907 3.205635 0.000000 0.000000 0.000000 -0.999887 0.015015
234.300000000 -1.116964 3.205636 0.000000 0.000000 0.000000 -0.999860 0.016722
234.350000000 -1.117676 3.207942 0.000000 0.000000 0.000000 -0.999720 0.023653
234.400000000 -1.116688 3.210875 0.000000 0.000000 0.000000 -0.999495 0.031786
234.450000000 -1.117815 3.207929 0.000000 0.000000 0.000000 -0.999155 0.041091
234.500000000 -1.114522 3.215213 0.000000 0.000000 0.000000 -0.998942 0.045995
234.550000000 -1.113990 3.214521 0.000000 0.000000 0.000000 -0.998430 0.056013
234.600000000 -1.115150 3.209530 0.000000 0.000000 0.000000 -0.998253 0.059090
234.650000000 -1.115040 3.206352 0.000000 0.000000 0.000000 -0.997920 0.064468
234.700000000 -1.115722 3.209605 0.000000 0.000000 0.000000 -0.997396 0.072115
234.750000000 -1.118678 3.204274 0.000000 0.000000 0.000000 -0.996371 0.085117
234.800000000 -1.121993 3.205046 0.000000 0.000000 0.000000 -0.995817 0.091370
234.850000000 -1.123465 3.206509 0.000000 0.000000 0.000000 -0.994864 0.101223
234.900000000 -1.126628 3.204697 0.000000 0.000000 0.000000 -0.994479 0.104939
234.950000000 -1.130386 3.204800 0.000000 0.000000 0.000000 -0.994000 0.109378
235.000000000 -1.133872 3.206053 0.000000 0.000000 0.000000 -0.993228 0.116184
235.050000000 -1.138523 3.204877 0.000000 0.000000 0.000000 -0.991838 0.127505
235.100000000 -1.144145 3.204618 0.000000 0.000000 0.000000 -0.990970 0.134087
235.150000000 -1.147626 3.205069 0.000000 0.000000 0.000000 -0.989847 0.142140
235.200000000 -1.153450 3.201943 0.000000 0.000000 0.000000 -0.989168 0.146790
235.250000000 -1.156008 3.199570 0.000000 0.000000 0.000000 -0.988614 0.150473
235.300000000 -1.156944 3.203097 0.000000 0.000000 0.000000 -0.987532 0.157421
235.350000000 -1.160640 3.201101 0.000000 0.000000 0.000000 -0.985438 0.170035
235.400000000 -1.163228 3.200133 0.000000 0.000000 0.000000 -0.984464 0.175588
235.450000000 -1.163480 3.202628 0.000000 0.000000 0.000000 -0.982812 0.184609
235.500000000 -1.167517 3.199191 0.000000 0.000000 0.000000 -0.981857 0.189624
235.550000000 -1.170340 3.197674 0.000000 0.000000 0.000000 -0.981079 0.193606
235.600000000 -1.172366 3.197817 0.000000 0.000000 0.000000 -0.980137 0.198319
235.650000000 -1.172946 3.197359 0.000000 0.000000 0.000000 -0.977993 0.208638
235.700000000 -1.175660 3.194853 0.000000 0.000000 0.000000 -0.976292 0.216457
235.750000000 -1.177534 3.195757 0.000000 0.000000 0.000000 -0.973640 0.228089
235.800000000 -1.180535 3.192237 0.000000 0.000000 0.000000 -0.973026 0.230697
235.850000000 -1.187991 3.186953 0.000000 0.000000 0.000000 -0.971752 0.236003
235.900000000 -1.185190 3.186887 0.000000 0.000000 0.000000 -0.970603 0.240687
235.950000000 -1.186317 3.185321 0.000000 0.000000 0.000000 -0.967760 0.251875
236.000000000 -1.187684 3.178533 0.000000 0.000000 0.000000 -0.965923 0.258829
236.050000000 -1.194903 3.183172 0.000000 0.000000 0.000000 -0.963013 0.269455
236.100000000 -1.196634 3.181077 0.000000 0.000000 0.000000 -0.961821 0.273679
236.150000000 -1.199062 3.174069 0.000000 0.000000 0.000000 -0.960651 0.277760
236.200000000 -1.201120 3.180655 0.000000 0.000000 0.000000 -0.958783 0.284140
236.250000000 -1.205862 3.175752 0.000000 0.000000 0.000000 -0.955144 0.296141
236.300000000 -1.207678 3.173123 0.000000 0.000000 0.000000 -0.953303 0.302015
236.350000000 -1.204911 3.175461 0.000000 0.000000 0.000000 -0.950479 0.310789
236.400000000 -1.208841 3.172593 0.000000 0.000000 0.000000 -0.948957 0.315406
236.450000000 -1.211786 3.163532 0.000000 0.000000 0.000000 -0.947555 0.319593
236.500000000 -1.216466 3.169736 0.000000 0.000000 0.000000 -0.944899 0.327363
236.550000000 -1.220023 3.167282 0.000000 0.000000 0.000000 -0.941671 0.336534
236.600000000 -1.221873 3.165628 0.000000 0.000000 0.000000 -0.939355 0.342946
236.650000000 -1.222172 3.168237 0.000000 0.000000 0.000000 -0.935774 0.352600
236.700000000 -1.226879 3.164067 0.000000 0.000000 0.000000 -0.934058 0.357122
236.750000000 -1.229695 3.157783 0.000000 0.000000 0.000000 -0.932469 0.361251
236.800000000 -1.228977 3.163455 0.000000 0.000000 0.000000 -0.929663 0.368410
236.850000000 -1.232961 3.153473 0.000000 0.000000 0.000000 -0.924890 0.380235
236.900000000 -1.232132 3.150075 0.000000 0.000000 0.000000 -0.922677 0.385574
236.950000000 -1.239944 3.154495 0.000000 0.000000 0.000000 -0.918540 0.395328
237.000000000 -1.236532 3.145909 0.000000 0.000000 0.000000 -0.917925 0.396754
237.050000000 -1.236649 3.145028 0.000000 0.000000 0.000000 -0.915557 0.402188
237.100000000 -1.239270 3.146551 0.000000 0.000000 0.000000 -0.912210 0.409723
237.150000000 -1.240548 3.140757 0.000000 0.000000 0.000000 -0.908268 0.418390
237.200000000 -1.242068 3.140829 0.000000 0.000000 0.000000 -0.905505 0.424337
237.250000000 -1.243384 3.141760 0.000000 0.000000 0.000000 -0.901374 0.433042
237.300000000 -1.250596 3.127193 0.000000 0.000000 0.000000 -0.899114 0.437715
237.350000000 -1.251672 3.125295 0.000000 0.000000 0.000000 -0.897356 0.441308
237.400000000 -1.248669 3.129427 0.000000 0.000000 0.000000 -0.894749 0.446570
237.450000000 -1.249504 3.123603 0.000000 0.000000 0.000000 -0.889257 0.457407
237.500000000 -1.253474 3.116706 0.000000 0.000000 0.000000 -0.885784 0.464097
237.550000000 -1.252958 3.120452 0.000000 0.000000 0.000000 -0.882073 0.471113
237.600000000 -1.254476 3.118206 0.000000 0.000000 0.000000 -0.879499 0.475901
237.650000000 -1.260964 3.107838 0.000000 0.000000 0.000000 -0.877209 0.480109
237.700000000 -1.259809 3.108378 0.000000 0.000000 0.000000 -0.875346 0.483497
237.750000000 -1.261741 3.107151 0.000000 0.000000 0.000000 -0.869523 0.493893
237.800000000 -1.264264 3.104527 0.000000 0.000000 0.000000 -0.866227 0.499650
237.850000000 -1.264457 3.107237 0.000000 0.000000 0.000000 -0.861165 0.508326
237.900000000 -1.266105 3.105945 0.000000 0.000000 0.000000 -0.858095 0.513491
237.950000000 -1.267113 3.097468 0.000000 0.000000 0.000000 -0.855936 0.517081
238.000000000 -1.267894 3.096524 0.000000 0.000000 0.000000 -0.854129 0.520062
238.050000000 -1.269548 3.094072 0.000000 0.000000 0.000000 -0.847741 0.530411
238.100000000 -1.270351 3.091267 0.000000 0.000000 0.000000 -0.843433 0.537235
238.150000000 -1.267981 3.090078 0.000000 0.000000 0.000000 -0.838135 0.545463
238.200000000 -1.269306 3.091771 0.000000 0.000000 0.000000 -0.834847 0.550482
238.250000000 -1.266526 3.081688 0.000000 0.000000 0.000000 -0.832915 0.553401
238.300000000 -1.270167 3.080653 0.000000 0.000000 0.000000 -0.829996 0.557769
238.350000000 -1.270635 3.077365 0.000000 0.000000 0.000000 -0.823684 0.567049
238.400000000 -1.274601 3.070841 0.000000 0.000000 0.000000 -0.819256 0.573428
238.450000000 -1.274519 3.068509 0.000000 0.000000 0.000000 -0.813898 0.581008
238.500000000 -1.270382 3.072678 0.000000 0.000000 0.000000 -0.811197 0.584773
238.550000000 -1.271912 3.065262 0.000000 0.000000 0.000000 -0.807450 0.589936
238.600000000 -1.270931 3.063712 0.000000 0.000000 0.000000 -0.806321 0.591478
238.650000000 -1.270092 3.065825 0.000000 0.000000 0.000000 -0.799036 0.601283
238.700000000 -1.276052 3.055181 0.000000 0.000000 0.000000 -0.793457 0.608626
238.750000000 -1.277003 3.052784 0.000000 0.000000 0.000000 -0.786519 0.617566
238.800000000 -1.276710 3.057006 0.000000 0.000000 0.000000 -0.784651 0.619938
238.850000000 -1.280178 3.047262 0.000000 0.000000 0.000000 -0.780682 0.624929
238.900000000 -1.278926 3.046107 0.000000 0.000000 0.000000 -0.779531 0.626364
238.950000000 -1.281218 3.046404 0.000000 0.000000 0.000000 -0.771133 0.636674
239.000000000 -1.282642 3.037944 0.000000 0.000000 0.000000 -0.767789 0.640703
239.050000000 -1.283269 3.035468 0.000000 0.000000 0.000000 -0.760399 0.649456
239.100000000 -1.284334 3.039192 0.000000 0.000000 0.000000 -0.756992 0.653424
239.150000000 -1.287312 3.029105 0.000000 0.000000 0.000000 -0.752461 0.658637
239.200000000 -1.287938 3.026525 0.000000 0.000000 0.000000 -0.750901 0.660414
239.250000000 -1.287106 3.024631 0.000000 0.000000 0.000000 -0.743499 0.668737
239.300000000 -1.286627 3.025347 0.000000 0.000000 0.000000 -0.741133 0.671358
239.350000000 -1.285710 3.023500 0.000000 0.000000 0.000000 -0.733006 0.680222
239.400000000 -1.285471 3.023101 0.000000 0.000000 0.000000 -0.728588 0.684952
239.450000000 -1.283506 3.016915 0.000000 0.000000 0.000000 -0.724014 0.689786
239.500000000 -1.285186 3.010780 0.000000 0.000000 0.000000 -0.725369 0.688361
239.550000000 -1.288674 3.008850 0.000000 0.000000 0.000000 -0.727158 0.686470
239.600000000 -1.290262 2.990370 0.000000 0.000000 0.000000 -0.726019 0.687675
239.650000000 -1.289558 2.979999 0.000000 0.000000 0.000000 -0.724405 0.689375
239.700000000 -1.289515 2.967747 0.000000 0.000000 0.000000 -0.725289 0.688444
239.750000000 -1.296172 2.939262 0.000000 0.000000 0.000000 -0.726659 0.686998
239.800000000 -1.292100 2.930498 0.000000 0.000000 0.000000 -0.729551 0.683927
239.850000000 -1.291493 2.914653 0.000000 0.000000 0.000000 -0.733436 0.679759
239.900000000 -1.292216 2.901833 0.000000 0.000000 0.000000 -0.737494 0.675353
239.950000000 -1.291718 2.894190 0.000000 0.000000 0.000000 -0.741794 0.670628
240.000000000 -1.291492 2.896875 0.000000 0.000000 0.000000 -0.746636 0.665233
240.050000000 -1.295940 2.888807 0.000000 0.000000 0.000000 -0.753695 0.657224
240.100000000 -1.297010 2.888102 0.000000 0.000000 0.000000 -0.758130 0.652103
240.150000000 -1.294840 2.893663 0.000000 0.000000 0.000000 -0.763698 0.645574
240.200000000 -1.296066 2.891648 0.000000 0.000000 0.000000 -0.761553 0.648103
240.250000000 -1.297285 2.888853 0.000000 0.000000 0.000000 -0.749407 0.662110
240.300000000 -1.293537 2.895908 0.000000 0.000000 0.000000 -0.740596 0.671950
240.350000000 -1.291835 2.893479 0.000000 0.000000 0.000000 -0.730782 0.682611
240.400000000 -1.292254 2.891453 0.000000 0.000000 0.000000 -0.730626 0.682778
240.450000000 -1.291630 2.895383 0.000000 0.000000 0.000000 -0.724284 0.689502
240.500000000 -1.294164 2.888148 0.000000 0.000000 0.000000 -0.718020 0.696022
240.550000000 -1.294486 2.883699 0.000000 0.000000 0.000000 -0.711098 0.703093
240.600000000 -1.294483 2.879705 0.000000 0.000000 0.000000 -0.708578 0.705632
240.650000000 -1.291240 2.873491 0.000000 0.000000 0.000000 -0.710666 0.703529
240.700000000 -1.291004 2.862530 0.000000 0.000000 0.000000 -0.715597 0.698513
240.750000000 -1.289843 2.852111 0.000000 0.000000 0.000000 -0.717291 0.696773
240.800000000 -1.290951 2.837548 0.000000 0.000000 0.000000 -0.716203 0.697892
240.850000000 -1.283095 2.823364 0.000000 0.000000 0.000000 -0.714485 0.699651
240.900000000 -1.290843 2.806961 0.000000 0.000000 0.000000 -0.711458 0.702728
240.950000000 -1.290799 2.792588 0.000000 0.000000 0.000000 -0.713957 0.700189
241.000000000 -1.293837 2.776949 0.000000 0.000000 0.000000 -0.715278 0.698840
241.050000000 -1.297962 2.764520 0.000000 0.000000 0.000000 -0.716349 0.697742
241.100000000 -1.296907 2.755296 0.000000 0.000000 0.000000 -0.716281 0.697812
241.150000000 -1.297414 2.737482 0.000000 0.000000 0.000000 -0.714157 0.699986
241.200000000 -1.297032 2.725594 0.000000 0.000000 0.000000 -0.712765 0.701402
241.250000000 -1.294854 2.721113 0.000000 0.000000 0.000000 -0.713966 0.700180
241.300000000 -1.295131 2.702911 0.000000 0.000000 0.000000 -0.715576 0.698535
241.350000000 -1.296002 2.695479 0.000000 0.000000 0.000000 -0.717097 0.696973
241.400000000 -1.296513 2.689946 0.000000 0.000000 0.000000 -0.716435 0.697654
241.450000000 -1.297460 2.667532 0.000000 0.000000 0.000000 -0.714505 0.699631
241.500000000 -1.299938 2.657381 0.000000 0.000000 0.000000 -0.712256 0.701920
241.550000000 -1.298049 2.650908 0.000000 0.000000 0.000000 -0.713652 0.700500
241.600000000 -1.299673 2.629313 0.000000 0.000000 0.000000 -0.714902 0.699224
241.650000000 -1.302885 2.619728 0.000000 0.000000 0.000000 -0.716888 0.697188
241.700000000 -1.303929 2.610720 0.000000 0.000000 0.000000 -0.716373 0.697717
241.750000000 -1.305535 2.596404 0.000000 0.000000 0.000000 -0.715181 0.698939
241.800000000 -1.305495 2.580689 0.000000 0.000000 0.000000 -0.713159 0.701003
241.850000000 -1.306729 2.576666 0.000000 0.000000 0.000000 -0.712934 0.701231
241.900000000 -1.307900 2.558011 0.000000 0.000000 0.000000 -0.714190 0.699952
241.950000000 -1.308334 2.549125 0.000000 0.000000 0.000000 -0.716675 0.697407
242.000000000 -1.308866 2.542344 0.000000 0.000000 0.000000 -0.716390 0.697700
242.050000000 -1.310198 2.523375 0.000000 0.000000 0.000000 -0.714629 0.699504
242.100000000 -1.307901 2.508849 0.000000 0.000000 0.000000 -0.713225 0.700935
242.150000000 -1.311405 2.503259 0.000000 0.000000 0.000000 -0.712271 0.701904
242.200000000 -1.312336 2.485277 0.000000 0.000000 0.000000 -0.714536 0.699599
242.250000000 -1.312733 2.475685 0.000000 0.000000 0.000000 -0.717062 0.697009
242.300000000 -1.313656 2.468794 0.000000 0.000000 0.000000 -0.716466 0.697622
242.350000000 -1.313857 2.454406 0.000000 0.000000 0.000000 -0.715681 0.698427
242.400000000 -1.314606 2.439569 0.000000 0.000000 0.000000 -0.713398 0.700759
242.450000000 -1.313017 2.433638 0.000000 0.000000 0.000000 -0.713274 0.700885
242.500000000 -1.313652 2.417024 0.000000 0.000000 0.000000 -0.714077 0.700067
242.550000000 -1.314811 2.404512 0.000000 0.000000 0.000000 -0.716070 0.698028
242.600000000 -1.315535 2.399397 0.000000 0.000000 0.000000 -0.716517 0.697570
242.650000000 -1.316054 2.384027 0.000000 0.000000 0.000000 -0.715500 0.698613
242.700000000 -1.312911 2.367281 0.000000 0.000000 0.000000 -0.714433 0.699703
242.750000000 -1.315698 2.361991 0.000000 0.000000 0.000000 -0.712088 0.702090
242.800000000 -1.315609 2.347579 0.000000 0.000000 0.000000 -0.713886 0.700262
242.850000000 -1.316368 2.335834 0.000000 0.000000 0.000000 -0.715716 0.698391
242.900000000 -1.318605 2.328357 0.000000 0.000000 0.000000 -0.716493 0.697595
242.950000000 -1.319709 2.314803 0.000000 0.000000 0.000000 -0.715597 0.698513
243.000000000 -1.318884 2.297505 0.000000 0.000000 0.000000 -0.714054 0.700091
243.050000000 -1.318841 2.293140 0.000000 0.000000 0.000000 -0.712770 0.701398
243.100000000 -1.318974 2.281247 0.000000 0.000000 0.000000 -0.713666 0.700486
243.150000000 -1.325007 2.257766 0.000000 0.000000 0.000000 -0.715587 0.698524
243.200000000 -1.318645 2.253929 0.000000 0.000000 0.000000 -0.718514 0.695512
243.250000000 -1.319303 2.245406 0.000000 0.000000 0.000000 -0.716010 0.698090
243.300000000 -1.318673 2.227145 0.000000 0.000000 0.000000 -0.715507 0.698606
243.350000000 -1.317976 2.214109 0.000000 0.000000 0.000000 -0.712925 0.701240
243.400000000 -1.315689 2.208186 0.000000 0.000000 0.000000 -0.713653 0.700500
243.450000000 -1.313481 2.192101 0.000000 0.000000 0.000000 -0.715010 0.699115
243.500000000 -1.311694 2.181293 0.000000 0.000000 0.000000 -0.717128 0.696942
243.550000000 -1.311563 2.172092 0.000000 0.000000 0.000000 -0.716327 0.697765
243.600000000 -1.309881 2.154020 0.000000 0.000000 0.000000 -0.715107 0.699015
243.650000000 -1.308184 2.142277 0.000000 0.000000 0.000000 -0.712923 0.701242
243.700000000 -1.307290 2.134159 0.000000 0.000000 0.000000 -0.713435 0.700722
243.750000000 -1.302185 2.120473 0.000000 0.000000 0.000000 -0.714942 0.699184
243.800000000 -1.303609 2.108811 0.000000 0.000000 0.000000 -0.716479 0.697608
243.850000000 -1.302354 2.100907 0.000000 0.000000 0.000000 -0.716911 0.697165
243.900000000 -1.302170 2.084472 0.000000 0.000000 0.000000 -0.715249 0.698870
243.950000000 -1.297094 2.072770 0.000000 0.000000 0.000000 -0.713473 0.700683
244.000000000 -1.301126 2.063753 0.000000 0.000000 0.000000 -0.712155 0.702022
244.050000000 -1.301391 2.050859 0.000000 0.000000 0.000000 -0.714133 0.700010
244.100000000 -1.300899 2.037385 0.000000 0.000000 0.000000 -0.716624 0.697460
244.150000000 -1.303692 2.029446 0.000000 0.000000 0.000000 -0.716331 0.697761
244.200000000 -1.304536 2.015880 0.000000 0.000000 0.000000 -0.715490 0.698623
244.250000000 -1.301280 2.004047 0.000000 0.000000 0.000000 -0.713723 0.700428
244.300000000 -1.302819 1.994990 0.000000 0.000000 0.000000 -0.712381 0.701793
244.350000000 -1.301164 1.979751 0.000000 0.000000 0.000000 -0.714512 0.699624
244.400000000 -1.302594 1.964665 0.000000 0.000000 0.000000 -0.715265 0.698854
244.450000000 -1.302336 1.959415 0.000000 0.000000 0.000000 -0.717041 0.697031
244.500000000 -1.303543 1.944879 0.000000 0.000000 0.000000 -0.715775 0.698331
244.550000000 -1.304556 1.929705 0.000000 0.000000 0.000000 -0.713135 0.701027
244.600000000 -1.301969 1.922061 0.000000 0.000000 0.000000 -0.712990 0.701174
244.650000000 -1.301554 1.911785 0.000000 0.000000 0.000000 -0.713833 0.700316
244.700000000 -1.304210 1.896553 0.000000 0.000000 0.000000 -0.715177 0.698943
244.750000000 -1.302196 1.890345 0.000000 0.000000 0.000000 -0.717418 0.696643
244.800000000 -1.302602 1.875850 0.000000 0.000000 0.000000 -0.715818 0.698286
244.850000000 -1.304234 1.859107 0.000000 0.000000 0.000000 -0.712903 0.701262
244.900000000 -1.302301 1.850524 0.000000 0.000000 0.000000 -0.713016 0.701148
244.950000000 -1.302507 1.841106 0.000000 0.000000 0.000000 -0.713590 0.700563
245.000000000 -1.305551 1.824133 0.000000 0.000000 0.000000 -0.715066 0.699057
245.050000000 -1.304213 1.816744 0.000000 0.000000 0.000000 -0.717439 0.696621
245.100000000 -1.305103 1.806660 0.000000 0.000000 0.000000 -0.716414 0.697675
245.150000000 -1.308451 1.789865 0.000000 0.000000 0.000000 -0.713588 0.700566
245.200000000 -1.306934 1.780340 0.000000 0.000000 0.000000 -0.713184 0.700977
245.250000000 -1.306584 1.773298 0.000000 0.000000 0.000000 -0.713653 0.700500
245.300000000 -1.309446 1.754212 0.000000 0.000000 0.000000 -0.714929 0.699197
245.350000000 -1.307442 1.746798 0.000000 0.000000 0.000000 -0.717861 0.696187
245.400000000 -1.308695 1.737936 0.000000 0.000000 0.000000 -0.716249 0.697845
245.450000000 -1.309761 1.724082 0.000000 0.000000 0.000000 -0.713819 0.700330
245.500000000 -1.307076 1.716306 0.000000 0.000000 0.000000 -0.713339 0.700819
245.550000000 -1.305855 1.710140 0.000000 0.000000 0.000000 -0.713628 0.700525
245.600000000 -1.308382 1.694800 0.000000 0.000000 0.000000 -0.715145 0.698977
245.650000000 -1.307627 1.687572 0.000000 0.000000 0.000000 -0.717373 0.696690
245.700000000 -1.308083 1.677433 0.000000 0.000000 0.000000 -0.715980 0.698121
245.750000000 -1.313684 1.657069 0.000000 0.000000 0.000000 -0.713575 0.700578
245.800000000 -1.311421 1.648788 0.000000 0.000000 0.000000 -0.713010 0.701153
245.850000000 -1.310904 1.640768 0.000000 0.000000 0.000000 -0.713910 0.700237
245.900000000 -1.312952 1.626153 0.000000 0.000000 0.000000 -0.715240 0.698879
245.950000000 -1.311998 1.617953 0.000000 0.000000 0.000000 -0.717208 0.696859
246.000000000 -1.311927 1.607712 0.000000 0.000000 0.000000 -0.716083 0.698015
246.050000000 -1.316383 1.587263 0.000000 0.000000 0.000000 -0.714053 0.700092
246.100000000 -1.313531 1.578534 0.000000 0.000000 0.000000 -0.713007 0.701157
246.150000000 -1.312892 1.569423 0.000000 0.000000 0.000000 -0.713661 0.700491
246.200000000 -1.313699 1.554630 0.000000 0.000000 0.000000 -0.715434 0.698680
246.250000000 -1.311990 1.547217 0.000000 0.000000 0.000000 -0.717262 0.696803
246.300000000 -1.311524 1.538705 0.000000 0.000000 0.000000 -0.716153 0.697943
246.350000000 -1.311751 1.518977 0.000000 0.000000 0.000000 -0.713751 0.700399
246.400000000 -1.309813 1.510292 0.000000 0.000000 0.000000 -0.713338 0.700821
246.450000000 -1.309004 1.503040 0.000000 0.000000 0.000000 -0.713612 0.700542
246.500000000 -1.312020 1.481362 0.000000 0.000000 0.000000 -0.714857 0.699271
246.550000000 -1.311587 1.472965 0.000000 0.000000 0.000000 -0.717378 0.696684
246.600000000 -1.312545 1.464118 0.000000 0.000000 0.000000 -0.716099 0.697999
246.650000000 -1.313718 1.451954 0.000000 0.000000 0.000000 -0.714448 0.699689
246.700000000 -1.311747 1.443701 0.000000 0.000000 0.000000 -0.713577 0.700577
246.750000000 -1.311844 1.435596 0.000000 0.000000 0.000000 -0.713511 0.700644
246.800000000 -1.308761 1.421832 0.000000 0.000000 0.000000 -0.715218 0.698901
246.850000000 -1.311124 1.411420 0.000000 0.000000 0.000000 -0.715766 0.698340
246.900000000 -1.311919 1.403216 0.000000 0.000000 0.000000 -0.712541 0.701631
246.950000000 -1.310137 1.391992 0.000000 0.000000 0.000000 -0.700820 0.713338
247.000000000 -1.309590 1.388180 0.000000 0.000000 0.000000 -0.694757 0.719245
247.050000000 -1.310939 1.389907 0.000000 0.000000 0.000000 -0.686871 0.726779
247.100000000 -1.312539 1.388444 0.000000 0.000000 0.000000 -0.684294 0.729206
247.150000000 -1.313297 1.387193 0.000000 0.000000 0.000000 -0.682102 0.731257
247.200000000 -1.315144 1.390595 0.000000 0.000000 0.000000 -0.676423 0.736514
247.250000000 -1.315820 1.388613 0.000000 0.000000 0.000000 -0.666671 0.745352
247.300000000 -1.316172 1.384709 0.000000 0.000000 0.000000 -0.662041 0.749467
247.350000000 -1.315513 1.388659 0.000000 0.000000 0.000000 -0.654848 0.755761
247.400000000 -1.315338 1.383796 0.000000 0.000000 0.000000 -0.651840 0.758356
247.450000000 -1.313873 1.383107 0.000000 0.000000 0.000000 -0.648332 0.761358
247.500000000 -1.313926 1.384420 0.000000 0.000000 0.000000 -0.644288 0.764783
247.550000000 -1.313690 1.377241 0.000000 0.000000 0.000000 -0.634116 0.773238
247.600000000 -1.312424 1.367832 0.000000 0.000000 0.000000 -0.629095 0.777328
247.650000000 -1.311532 1.365637 0.000000 0.000000 0.000000 -0.621349 0.783534
247.700000000 -1.310850 1.359134 0.000000 0.000000 0.000000 -0.618313 0.785932
247.750000000 -1.309888 1.355406 0.000000 0.000000 0.000000 -0.615691 0.787988
247.800000000 -1.307483 1.356326 0.000000 0.000000 0.000000 -0.610886 0.791719
247.850000000 -1.307408 1.349807 0.000000 0.000000 0.000000 -0.601590 0.798805
247.900000000 -1.303028 1.346886 0.000000 0.000000 0.000000 -0.596121 0.802895
247.950000000 -1.303292 1.345596 0.000000 0.000000 0.000000 -0.587016 0.809575
248.000000000 -1.301759 1.340598 0.000000 0.000000 0.000000 -0.583541 0.812083
248.050000000 -1.300990 1.337631 0.000000 0.000000 0.000000 -0.580037 0.814590
248.100000000 -1.300909 1.337304 0.000000 0.000000 0.000000 -0.576057 0.817409
248.150000000 -1.299451 1.333336 0.000000 0.000000 0.000000 -0.566579 0.824008
248.200000000 -1.298145 1.324295 0.000000 0.000000 0.000000 -0.561229 0.827660
248.250000000 -1.296930 1.323267 0.000000 0.000000 0.000000 -0.552144 0.833749
248.300000000 -1.295399 1.321709 0.000000 0.000000 0.000000 -0.547913 0.836535
248.350000000 -1.294915 1.318235 0.000000 0.000000 0.000000 -0.543865 0.839173
248.400000000 -1.293426 1.317597 0.000000 0.000000 0.000000 -0.540832 0.841130
248.450000000 -1.291854 1.313268 0.000000 0.000000 0.000000 -0.529544 0.848282
248.500000000 -1.290997 1.310850 0.000000 0.000000 0.000000 -0.522490 0.852645
248.550000000 -1.289399 1.310350 0.000000 0.000000 0.000000 -0.514355 0.857577
248.600000000 -1.287624 1.307908 0.000000 0.000000 0.000000 -0.510262 0.860019
248.650000000 -1.286931 1.305734 0.000000 0.000000 0.000000 -0.506682 0.862133
248.700000000 -1.285097 1.304885 0.000000 0.000000 0.000000 -0.501403 0.865214
248.750000000 -1.285120 1.300017 0.000000 0.000000 0.000000 -0.491200 0.871047
248.800000000 -1.282774 1.296971 0.000000 0.000000 0.000000 -0.485184 0.874412
248.850000000 -1.281282 1.296201 0.000000 0.000000 0.000000 -0.475698 0.879609
248.900000000 -1.279550 1.293939 0.000000 0.000000 0.000000 -0.471993 0.881602
248.950000000 -1.277674 1.291952 0.000000 0.000000 0.000000 -0.469087 0.883152
249.000000000 -1.276255 1.289059 0.000000 0.000000 0.000000 -0.464885 0.885371
249.050000000 -1.274614 1.286948 0.000000 0.000000 0.000000 -0.455099 0.890441
249.100000000 -1.273103 1.282403 0.000000 0.000000 0.000000 -0.449880 0.893089
249.150000000 -1.271267 1.281498 0.000000 0.000000 0.000000 -0.439639 0.898175
249.200000000 -1.269351 1.281140 0.000000 0.000000 0.000000 -0.434952 0.900454
249.250000000 -1.267542 1.276265 0.000000 0.000000 0.000000 -0.429906 0.902874
249.300000000 -1.265621 1.275315 0.000000 0.000000 0.000000 -0.427210 0.904152
249.350000000 -1.264255 1.274119 0.000000 0.000000 0.000000 -0.417695 0.908587
249.400000000 -1.262482 1.267318 0.000000 0.000000 0.000000 -0.412134 0.911123
249.450000000 -1.259983 1.265960 0.000000 0.000000 0.000000 -0.402980 0.915209
249.500000000 -1.258485 1.266819 0.000000 0.000000 0.000000 -0.397674 0.917527
249.550000000 -1.256214 1.261160 0.000000 0.000000 0.000000 -0.390948 0.920413
249.600000000 -1.253442 1.259751 0.000000 0.000000 0.000000 -0.389643 0.920966
249.650000000 -1.250123 1.258888 0.000000 0.000000 0.000000 -0.382412 0.923992
249.700000000 -1.247625 1.254796 0.000000 0.000000 0.000000 -0.373517 0.927623
249.750000000 -1.244453 1.252611 0.000000 0.000000 0.000000 -0.363923 0.931429
249.800000000 -1.242226 1.252246 0.000000 0.000000 0.000000 -0.359244 0.933244
249.850000000 -1.240078 1.250605 0.000000 0.000000 0.000000 -0.350931 0.936401
249.900000000 -1.239757 1.247747 0.000000 0.000000 0.000000 -0.349325 0.937001
249.950000000 -1.237718 1.247313 0.000000 0.000000 0.000000 -0.342666 0.939457
250.000000000 -1.233077 1.245178 0.000000 0.000000 0.000000 -0.336395 0.941721
250.050000000 -1.232011 1.241876 0.000000 0.000000 0.000000 -0.323174 0.946339
250.100000000 -1.229797 1.240066 0.000000 0.000000 0.000000 -0.319308 0.947651
250.150000000 -1.228376 1.239342 0.000000 0.000000 0.000000 -0.310532 0.950563
250.200000000 -1.224404 1.238575 0.000000 0.000000 0.000000 -0.309377 0.950940
250.250000000 -1.223892 1.237346 0.000000 0.000000 0.000000 -0.302151 0.953260
250.300000000 -1.222775 1.236564 0.000000 0.000000 0.000000 -0.296844 0.954926
250.350000000 -1.221835 1.227612 0.000000 0.000000 0.000000 -0.285937 0.958249
250.400000000 -1.218238 1.226978 0.000000 0.000000 0.000000 -0.280208 0.959939
250.450000000 -1.213835 1.226401 0.000000 0.000000 0.000000 -0.276963 0.960880
250.500000000 -1.208997 1.222526 0.000000 0.000000 0.000000 -0.282033 0.959405
250.550000000 -1.200653 1.218429 0.000000 0.000000 0.000000 -0.287836 0.957680
250.600000000 -1.191827 1.210343 0.000000 0.000000 0.000000 -0.287084 0.957906
250.650000000 -1.181386 1.201643 0.000000 0.000000 0.000000 -0.285196 0.958469
250.700000000 -1.170344 1.190463 0.000000 0.000000 0.000000 -0.282236 0.959345
250.750000000 -1.157957 1.185204 0.000000 0.000000 0.000000 -0.282108 0.959383
250.800000000 -1.144034 1.177031 0.000000 0.000000 0.000000 -0.284282 0.958741
250.850000000 -1.130993 1.167880 0.000000 0.000000 0.000000 -0.287404 0.957809
250.900000000 -1.119232 1.161562 0.000000 0.000000 0.000000 -0.287218 0.957865
250.950000000 -1.107842 1.152847 0.000000 0.000000 0.000000 -0.284822 0.958580
251.000000000 -1.096627 1.147134 0.000000 0.000000 0.000000 -0.282090 0.959388
251.050000000 -1.086399 1.142994 0.000000 0.000000 0.000000 -0.282468 0.959277
251.100000000 -1.075945 1.138297 0.000000 0.000000 0.000000 -0.283369 0.959011
251.150000000 -1.064457 1.134743 0.000000 0.000000 0.000000 -0.287435 0.957800
251.200000000 -1.058739 1.122286 0.000000 0.000000 0.000000 -0.287162 0.957882
251.250000000 -1.047848 1.115659 0.000000 0.000000 0.000000 -0.285831 0.958280
251.300000000 -1.037451 1.110574 0.000000 0.000000 0.000000 -0.283116 0.959086
251.350000000 -1.028552 1.106075 0.000000 0.000000 0.000000 -0.281628 0.959524
251.400000000 -1.020569 1.101554 0.000000 0.000000 0.000000 -0.275619 0.961267
251.450000000 -1.014417 1.098682 0.000000 0.000000 0.000000 -0.268855 0.963181
251.500000000 -1.010190 1.099136 0.000000 0.000000 0.000000 -0.262302 0.964986
251.550000000 -1.005186 1.099718 0.000000 0.000000 0.000000 -0.251419 0.967878
251.600000000 -1.001972 1.099800 0.000000 0.000000 0.000000 -0.245608 0.969369
251.650000000 -1.001840 1.100514 0.000000 0.000000 0.000000 -0.235906 0.971776
251.700000000 -1.003338 1.101756 0.000000 0.000000 0.000000 -0.230337 0.973111
251.750000000 -1.004837 1.102585 0.000000 0.000000 0.000000 -0.226119 0.974100
251.800000000 -1.005397 1.101409 0.000000 0.000000 0.000000 -0.222317 0.974974
251.850000000 -1.005154 1.099608 0.000000 0.000000 0.000000 -0.210125 0.977675
251.900000000 -1.004229 1.097568 0.000000 0.000000 0.000000 -0.202932 0.979193
251.950000000 -1.003331 1.095512 0.000000 0.000000 0.000000 -0.192002 0.981395
252.000000000 -1.002531 1.094304 0.000000 0.000000 0.000000 -0.187587 0.982248
252.050000000 -1.000155 1.091897 0.000000 0.000000 0.000000 -0.186819 0.982394
252.100000000 -0.995794 1.088485 0.000000 0.000000 0.000000 -0.192063 0.981383
252.150000000 -0.990525 1.081048 0.000000 0.000000 0.000000 -0.190995 0.981591
252.200000000 -0.980762 1.075611 0.000000 0.000000 0.000000 -0.188481 0.982077
252.250000000 -0.969447 1.069622 0.000000 0.000000 0.000000 -0.187137 0.982334
252.300000000 -0.955398 1.064558 0.000000 0.000000 0.000000 -0.188761 0.982023
252.350000000 -0.939790 1.057762 0.000000 0.000000 0.000000 -0.192555 0.981286
252.400000000 -0.924616 1.052322 0.000000 0.000000 0.000000 -0.193043 0.981190
252.450000000 -0.910753 1.048978 0.000000 0.000000 0.000000 -0.191969 0.981401
252.500000000 -0.896988 1.043122 0.000000 0.000000 0.000000 -0.190976 0.981595
252.550000000 -0.885006 1.038393 0.000000 0.000000 0.000000 -0.187356 0.982292
252.600000000 -0.872849 1.038065 0.000000 0.000000 0.000000 -0.188495 0.982074
252.650000000 -0.859672 1.035414 0.000000 0.000000 0.000000 -0.190576 0.981672
252.700000000 -0.845289 1.031949 0.000000 0.000000 0.000000 -0.194228 0.980956
252.750000000 -0.831388 1.030087 0.000000 0.000000 0.000000 -0.192499 0.981297
252.800000000 -0.817802 1.028985 0.000000 0.000000 0.000000 -0.189213 0.981936
252.850000000 -0.807079 1.027398 0.000000 0.000000 0.000000 -0.186705 0.982416
252.900000000 -0.799368 1.025782 0.000000 0.000000 0.000000 -0.188347 0.982103
252.950000000 -0.790632 1.023583 0.000000 0.000000 0.000000 -0.190098 0.981765
253.000000000 -0.780771 1.017870 0.000000 0.000000 0.000000 -0.193276 0.981144
253.050000000 -0.770284 1.012180 0.000000 0.000000 0.000000 -0.192504 0.981296
253.100000000 -0.759398 1.006324 0.000000 0.000000 0.000000 -0.190231 0.981739
253.150000000 -0.749149 1.001087 0.000000 0.000000 0.000000 -0.187396 0.982284
253.200000000 -0.740094 0.995514 0.000000 0.000000 0.000000 -0.187891 0.982190
253.250000000 -0.730589 0.990099 0.000000 0.000000 0.000000 -0.189074 0.981963
253.300000000 -0.719407 0.982473 0.000000 0.000000 0.000000 -0.192046 0.981386
253.350000000 -0.709266 0.976576 0.000000 0.000000 0.000000 -0.192908 0.981217
253.400000000 -0.697588 0.967979 0.000000 0.000000 0.000000 -0.190990 0.981592
253.450000000 -0.686787 0.963212 0.000000 0.000000 0.000000 -0.187917 0.982185
253.500000000 -0.676507 0.959940 0.000000 0.000000 0.000000 -0.188305 0.982111
253.550000000 -0.664688 0.954702 0.000000 0.000000 0.000000 -0.188965 0.981984
253.600000000 -0.652510 0.952131 0.000000 0.000000 0.000000 -0.192191 0.981358
253.650000000 -0.642927 0.947212 0.000000 0.000000 0.000000 -0.192458 0.981305
253.700000000 -0.631205 0.941990 0.000000 0.000000 0.000000 -0.191017 0.981587
253.750000000 -0.620157 0.935415 0.000000 0.000000 0.000000 -0.188008 0.982168
253.800000000 -0.610429 0.933982 0.000000 0.000000 0.000000 -0.187989 0.982171
253.850000000 -0.599998 0.932726 0.000000 0.000000 0.000000 -0.183326 0.983052
253.900000000 -0.592643 0.930362 0.000000 0.000000 0.000000 -0.175760 0.984433
253.950000000 -0.586498 0.931674 0.000000 0.000000 0.000000 -0.166966 0.985963
254.000000000 -0.581278 0.933867 0.000000 0.000000 0.000000 -0.158929 0.987290
254.050000000 -0.578100 0.935665 0.000000 0.000000 0.000000 -0.146891 0.989153
254.100000000 -0.578180 0.936777 0.000000 0.000000 0.000000 -0.142577 0.989784
254.150000000 -0.579741 0.937690 0.000000 0.000000 0.000000 -0.133429 0.991058
254.200000000 -0.580068 0.936848 0.000000 0.000000 0.000000 -0.132549 0.991176
254.250000000 -0.580850 0.935902 0.000000 0.000000 0.000000 -0.123961 0.992287
254.300000000 -0.579335 0.933725 0.000000 0.000000 0.000000 -0.114132 0.993466
254.350000000 -0.577872 0.932440 0.000000 0.000000 0.000000 -0.105629 0.994406
254.400000000 -0.575204 0.932214 0.000000 0.000000 0.000000 -0.106315 0.994332
254.450000000 -0.569983 0.932607 0.000000 0.000000 0.000000 -0.111156 0.993803
254.500000000 -0.561491 0.929267 0.000000 0.000000 0.000000 -0.116507 0.993190
254.550000000 -0.549135 0.923760 0.000000 0.000000 0.000000 -0.117024 0.993129
254.600000000 -0.534448 0.917554 0.000000 0.000000 0.000000 -0.114719 0.993398
254.650000000 -0.519901 0.912822 0.000000 0.000000 0.000000 -0.111418 0.993774
254.700000000 -0.505739 0.908745 0.000000 0.000000 0.000000 -0.111591 0.993754
254.750000000 -0.490694 0.904058 0.000000 0.000000 0.000000 -0.110069 0.993924
254.800000000 -0.476417 0.900288 0.000000 0.000000 0.000000 -0.104602 0.994514
254.850000000 -0.467135 0.899532 0.000000 0.000000 0.000000 -0.094145 0.995559
254.900000000 -0.460100 0.901971 0.000000 0.000000 0.000000 -0.085215 0.996363
254.950000000 -0.455589 0.903988 0.000000 0.000000 0.000000 -0.073832 0.997271
255.000000000 -0.454537 0.904541 0.000000 0.000000 0.000000 -0.067909 0.997692
255.050000000 -0.454956 0.904269 0.000000 0.000000 0.000000 -0.059242 0.998244
255.100000000 -0.457247 0.904442 0.000000 0.000000 0.000000 -0.058561 0.998284
255.150000000 -0.458583 0.904449 0.000000 0.000000 0.000000 -0.050486 0.998725
255.200000000 -0.459267 0.904102 0.000000 0.000000 0.000000 -0.041910 0.999121
255.250000000 -0.459620 0.904419 0.000000 0.000000 0.000000 -0.030635 0.999531
255.300000000 -0.460189 0.904511 0.000000 0.000000 0.000000 -0.025099 0.999685
255.350000000 -0.459984 0.904894 0.000000 0.000000 0.000000 -0.016056 0.999871
255.400000000 -0.458035 0.904533 0.000000 0.000000 0.000000 -0.014817 0.999890
255.450000000 -0.456192 0.903383 0.000000 0.000000 0.000000 -0.007918 0.999969
255.500000000 -0.452994 0.901523 0.000000 0.000000 0.000000 0.000751 1.000000
255.550000000 -0.449212 0.901018 0.000000 0.000000 0.000000 0.011075 0.999939
255.600000000 -0.443810 0.900328 0.000000 0.000000 0.000000 0.016242 0.999868
255.650000000 -0.437785 0.901586 0.000000 0.000000 0.000000 0.014807 0.999890
255.700000000 -0.427841 0.902672 0.000000 0.000000 0.000000 0.009113 0.999958
255.750000000 -0.416696 0.902573 0.000000 0.000000 0.000000 0.003833 0.999993
255.800000000 -0.402278 0.902578 0.000000 0.000000 0.000000 0.005967 0.999982
255.850000000 -0.387553 0.901372 0.000000 0.000000 0.000000 0.009352 0.999956
255.900000000 -0.372618 0.901224 0.000000 0.000000 0.000000 0.010883 0.999941
255.950000000 -0.358374 0.902102 0.000000 0.000000 0.000000 0.009266 0.999957
256.000000000 -0.341272 0.902394 0.000000 0.000000 0.000000 0.007607 0.999971
256.050000000 -0.327418 0.902772 0.000000 0.000000 0.000000 0.004138 0.999991
256.100000000 -0.311100 0.898799 0.000000 0.000000 0.000000 0.005601 0.999984
256.150000000 -0.298508 0.899100 0.000000 0.000000 0.000000 0.008136 0.999967
256.200000000 -0.285192 0.901459 0.000000 0.000000 0.000000 0.010434 0.999946
256.250000000 -0.274489 0.901941 0.000000 0.000000 0.000000 0.010083 0.999949
256.300000000 -0.262507 0.902541 0.000000 0.000000 0.000000 0.008724 0.999962
256.350000000 -0.249956 0.904053 0.000000 0.000000 0.000000 0.004955 0.999988
256.400000000 -0.237749 0.901775 0.000000 0.000000 0.000000 0.004971 0.999988
256.450000000 -0.228273 0.901403 0.000000 0.000000 0.000000 0.007261 0.999974
256.500000000 -0.217902 0.902114 0.000000 0.000000 0.000000 0.009305 0.999957
256.550000000 -0.208700 0.902921 0.000000 0.000000 0.000000 0.009831 0.999952
256.600000000 -0.198468 0.904199 0.000000 0.000000 0.000000 0.008801 0.999961
256.650000000 -0.184978 0.903764 0.000000 0.000000 0.000000 0.005390 0.999985
256.700000000 -0.171896 0.902994 0.000000 0.000000 0.000000 0.004041 0.999992
256.750000000 -0.161797 0.904277 0.000000 0.000000 0.000000 -0.005762 0.999983
256.800000000 -0.152085 0.904935 0.000000 0.000000 0.000000 -0.008826 0.999961
256.850000000 -0.146301 0.904242 0.000000 0.000000 0.000000 -0.017130 0.999853
256.900000000 -0.143776 0.902430 0.000000 0.000000 0.000000 -0.025243 0.999681
256.950000000 -0.138629 0.903011 0.000000 0.000000 0.000000 -0.028834 0.999584
257.000000000 -0.131939 0.899570 0.000000 0.000000 0.000000 -0.026669 0.999644
257.050000000 -0.125906 0.896714 0.000000 0.000000 0.000000 -0.023368 0.999727
257.100000000 -0.117503 0.892493 0.000000 0.000000 0.000000 -0.020956 0.999780
257.150000000 -0.109851 0.889833 0.000000 0.000000 0.000000 -0.019346 0.999813
257.200000000 -0.098923 0.889676 0.000000 0.000000 0.000000 -0.019493 0.999810
257.250000000 -0.084752 0.891428 0.000000 0.000000 0.000000 -0.023570 0.999722
257.300000000 -0.073712 0.888230 0.000000 0.000000 0.000000 -0.026011 0.999662
257.350000000 -0.057630 0.886737 0.000000 0.000000 0.000000 -0.025412 0.999677
257.400000000 -0.044175 0.887274 0.000000 0.000000 0.000000 -0.023762 0.999718
257.450000000 -0.031994 0.888336 0.000000 0.000000 0.000000 -0.019525 0.999809
257.500000000 -0.019352 0.889866 0.000000 0.000000 0.000000 -0.020778 0.999784
257.550000000 -0.003959 0.890253 0.000000 0.000000 0.000000 -0.023480 0.999724
257.600000000 0.011855 0.890602 0.000000 0.000000 0.000000 -0.024239 0.999706
257.650000000 0.026717 0.891588 0.000000 0.000000 0.000000 -0.023144 0.999732
257.700000000 0.040672 0.892194 0.000000 0.000000 0.000000 -0.020319 0.999794
257.750000000 0.050301 0.891334 0.000000 0.000000 0.000000 -0.007203 0.999974
257.800000000 0.055182 0.890039 0.000000 0.000000 0.000000 -0.002179 0.999998
257.850000000 0.060629 0.886238 0.000000 0.000000 0.000000 0.004482 0.999990
257.900000000 0.062745 0.883483 0.000000 0.000000 0.000000 0.006308 0.999980
257.950000000 0.061616 0.882627 0.000000 0.000000 0.000000 0.008250 0.999966
258.000000000 0.058021 0.882848 0.000000 0.000000 0.000000 0.006957 0.999976
258.050000000 0.054965 0.882939 0.000000 0.000000 0.000000 0.008758 0.999962
258.100000000 0.049856 0.883806 0.000000 0.000000 0.000000 0.007058 0.999975
258.150000000 0.046562 0.882706 0.000000 0.000000 0.000000 0.004662 0.999989
258.200000000 0.044074 0.882931 0.000000 0.000000 0.000000 0.003749 0.999993
258.250000000 0.041074 0.882797 0.000000 0.000000 0.000000 0.004142 0.999991
258.300000000 0.037103 0.881887 0.000000 0.000000 0.000000 0.005799 0.999983
258.350000000 0.032807 0.881511 0.000000 0.000000 0.000000 0.005866 0.999983
258.400000000 0.033900 0.882392 0.000000 0.000000 0.000000 0.005788 0.999983
258.450000000 0.039531 0.884947 0.000000 0.000000 0.000000 0.004701 0.999989
258.500000000 0.049107 0.882126 0.000000 0.000000 0.000000 0.003386 0.999994
258.550000000 0.060017 0.878739 0.000000 0.000000 0.000000 0.004411 0.999990
258.600000000 0.073319 0.877837 0.000000 0.000000 0.000000 0.005726 0.999984
258.650000000 0.087725 0.878240 0.000000 0.000000 0.000000 0.008426 0.999965
258.700000000 0.103702 0.878850 0.000000 0.000000 0.000000 0.008024 0.999968
258.750000000 0.121636 0.879981 0.000000 0.000000 0.000000 0.004727 0.999989
258.800000000 0.140448 0.880892 0.000000 0.000000 0.000000 0.003374 0.999994
258.850000000 0.156847 0.882008 0.000000 0.000000 0.000000 0.004055 0.999992
258.900000000 0.171164 0.884799 0.000000 0.000000 0.000000 0.006046 0.999982
258.950000000 0.180302 0.887204 0.000000 0.000000 0.000000 0.008222 0.999966
259.000000000 0.186368 0.887618 0.000000 0.000000 0.000000 0.007203 0.999974
259.050000000 0.188789 0.885448 0.000000 0.000000 0.000000 0.005299 0.999986
259.100000000 0.189773 0.885387 0.000000 0.000000 0.000000 0.003772 0.999993
259.150000000 0.182657 0.879370 0.000000 0.000000 0.000000 0.004120 0.999992
259.200000000 0.177439 0.879946 0.000000 0.000000 0.000000 0.006311 0.999980
259.250000000 0.170243 0.882394 0.000000 0.000000 0.000000 0.008278 0.999966
259.300000000 0.162505 0.884404 0.000000 0.000000 0.000000 0.007373 0.999973
259.350000000 0.155337 0.886989 0.000000 0.000000 0.000000 0.006262 0.999980
259.400000000 0.152212 0.887823 0.000000 0.000000 0.000000 0.004400 0.999990
259.450000000 0.150254 0.887361 0.000000 0.000000 0.000000 0.003449 0.999994
259.500000000 0.148948 0.886243 0.000000 0.000000 0.000000 0.004813 0.999988
259.550000000 0.147538 0.884416 0.000000 0.000000 0.000000 0.006461 0.999979
259.600000000 0.145593 0.882951 0.000000 0.000000 0.000000 0.005348 0.999986
259.650000000 0.143864 0.881081 0.000000 0.000000 0.000000 0.007040 0.999975
259.700000000 0.143654 0.879882 0.000000 0.000000 0.000000 0.005801 0.999983
259.750000000 0.144206 0.879134 0.000000 0.000000 0.000000 0.005768 0.999983
259.800000000 0.145173 0.878786 0.000000 0.000000 0.000000 0.005790 0.999983
259.850000000 0.146252 0.878761 0.000000 0.000000 0.000000 0.005831 0.999983
259.900000000 0.147307 0.879003 0.000000 0.000000 0.000000 0.005867 0.999983
259.950000000 0.148169 0.879716 0.000000 0.000000 0.000000 0.005957 0.999982
260.000000000 0.148810 0.880225 0.000000 0.000000 0.000000 0.005874 0.999983
260.050000000 0.149075 0.880682 0.000000 0.000000 0.000000 0.005958 0.999982
260.100000000 0.149162 0.880921 0.000000 0.000000 0.000000 0.005828 0.999983
260.150000000 0.149064 0.881065 0.000000 0.000000 0.000000 0.005826 0.999983
260.200000000 0.148891 0.881091 0.000000 0.000000 0.000000 0.005800 0.999983
260.250000000 0.148627 0.881075 0.000000 0.000000 0.000000 0.005821 0.999983
260.300000000 0.148371 0.881013 0.000000 0.000000 0.000000 0.005820 0.999983
260.350000000 0.148203 0.880895 0.000000 0.000000 0.000000 0.005796 0.999983
260.400000000 0.148056 0.880791 0.000000 0.000000 0.000000 0.005819 0.999983
260.450000000 0.147977 0.880702 0.000000 0.000000 0.000000 0.005820 0.999983
260.500000000 0.147992 0.880610 0.000000 0.000000 0.000000 0.005797 0.999983
260.550000000 0.148013 0.880560 0.000000 0.000000 0.000000 0.005823 0.999983
260.600000000 0.148060 0.880537 0.000000 0.000000 0.000000 0.005824 0.999983
260.650000000 0.148112 0.880534 0.000000 0.000000 0.000000 0.005824 0.999983
260.700000000 0.148170 0.880547 0.000000 0.000000 0.000000 0.005824 0.999983
260.750000000 0.146204 0.880516 0.000000 0.000000 0.000000 0.005783 0.999983
260.800000000 0.139762 0.880807 0.000000 0.000000 0.000000 0.005955 0.999982
260.850000000 0.129933 0.880771 0.000000 0.000000 0.000000 0.005670 0.999984
260.900000000 0.117814 0.880908 0.000000 0.000000 0.000000 0.005990 0.999982
260.950000000 0.104820 0.882236 0.000000 0.000000 0.000000 0.003000 0.999996
261.000000000 0.089907 0.878265 0.000000 0.000000 0.000000 0.003911 0.999992
261.050000000 0.072694 0.875002 0.000000 0.000000 0.000000 0.007084 0.999975
261.100000000 0.059132 0.871662 0.000000 0.000000 0.000000 0.008146 0.999967
261.150000000 0.046331 0.870544 0.000000 0.000000 0.000000 0.008402 0.999965
261.200000000 0.032540 0.867757 0.000000 0.000000 0.000000 0.006742 0.999977
261.250000000 0.017871 0.868902 0.000000 0.000000 0.000000 0.003422 0.999994
261.300000000 0.001806 0.867276 0.000000 0.000000 0.000000 0.004085 0.999992
261.350000000 -0.014455 0.866469 0.000000 0.000000 0.000000 0.006612 0.999978
261.400000000 -0.025935 0.867405 0.000000 0.000000 0.000000 0.008086 0.999967
261.450000000 -0.036616 0.869544 0.000000 0.000000 0.000000 0.007719 0.999970
261.500000000 -0.046110 0.872118 0.000000 0.000000 0.000000 0.006329 0.999980
261.551000000 -0.057142 0.875906 0.000000 0.000000 0.000000 0.003334 0.999994
261.600000000 -0.068069 0.878645 0.000000 0.000000 0.000000 0.004004 0.999992
261.650000000 -0.080548 0.881997 0.000000 0.000000 0.000000 0.005277 0.999986
261.700000000 -0.090046 0.886792 0.000000 0.000000 0.000000 0.008266 0.999966
261.750000000 -0.096576 0.893264 0.000000 0.000000 0.000000 0.007878 0.999969
261.800000000 -0.099890 0.898939 0.000000 0.000000 0.000000 0.005428 0.999985
261.850000000 -0.098689 0.902249 0.000000 0.000000 0.000000 0.002801 0.999996
261.900000000 -0.094539 0.903006 0.000000 0.000000 0.000000 0.003645 0.999993
261.950000000 -0.088714 0.902824 0.000000 0.000000 0.000000 0.005454 0.999985
262.000000000 -0.084014 0.902530 0.000000 0.000000 0.000000 0.007622 0.999971
262.050000000 -0.080275 0.900619 0.000000 0.000000 0.000000 0.007861 0.999969
262.100000000 -0.076548 0.898556 0.000000 0.000000 0.000000 0.006236 0.999981
262.150000000 -0.071654 0.895298 0.000000 0.000000 0.000000 0.003119 0.999995
262.200000000 -0.069118 0.893090 0.000000 0.000000 0.000000 0.003616 0.999993
262.250000000 -0.068358 0.891356 0.000000 0.000000 0.000000 0.006688 0.999978
262.300000000 -0.070387 0.889535 0.000000 0.000000 0.000000 0.006325 0.999980
262.350000000 -0.073730 0.888267 0.000000 0.000000 0.000000 0.005767 0.999983
262.400000000 -0.077402 0.887275 0.000000 0.000000 0.000000 0.005445 0.999985
262.450000000 -0.080374 0.887131 0.000000 0.000000 0.000000 0.003379 0.999994
262.500000000 -0.084978 0.883317 0.000000 0.000000 0.000000 0.004524 0.999990
262.550000000 -0.087804 0.882182 0.000000 0.000000 0.000000 0.007695 0.999970
262.600000000 -0.088525 0.881008 0.000000 0.000000 0.000000 0.008072 0.999967
262.650000000 -0.088324 0.881121 0.000000 0.000000 0.000000 0.007373 0.999973
262.700000000 -0.088018 0.881594 0.000000 0.000000 0.000000 0.004616 0.999989
262.750000000 -0.087439 0.881184 0.000000 0.000000 0.000000 0.003196 0.999995
262.800000000 -0.087878 0.881212 0.000000 0.000000 0.000000 0.004313 0.999991
262.850000000 -0.088574 0.882884 0.000000 0.000000 0.000000 0.006477 0.999979
262.900000000 -0.090232 0.884860 0.000000 0.000000 0.000000 0.005677 0.999984
262.950000000 -0.091611 0.887097 0.000000 0.000000 0.000000 0.005747 0.999983
263.000000000 -0.092906 0.887458 0.000000 0.000000 0.000000 0.005504 0.999985
263.050000000 -0.093444 0.887838 0.000000 0.000000 0.000000 0.005692 0.999984
263.100000000 -0.093118 0.888879 0.000000 0.000000 0.000000 0.005688 0.999984
263.150000000 -0.092136 0.889263 0.000000 0.000000 0.000000 0.005622 0.999984
263.200000000 -0.091128 0.889177 0.000000 0.000000 0.000000 0.005641 0.999984
263.250000000 -0.090460 0.888980 0.000000 0.000000 0.000000 0.005534 0.999985
263.300000000 -0.089689 0.888416 0.000000 0.000000 0.000000 0.005688 0.999984
263.350000000 -0.089250 0.887953 0.000000 0.000000 0.000000 0.005623 0.999984
263.400000000 -0.088685 0.887041 0.000000 0.000000 0.000000 0.005864 0.999983
263.450000000 -0.088572 0.886632 0.000000 0.000000 0.000000 0.005622 0.999984
263.500000000 -0.088592 0.886305 0.000000 0.000000 0.000000 0.005609 0.999984
263.550000000 -0.088648 0.886091 0.000000 0.000000 0.000000 0.005593 0.999984
263.600000000 -0.088764 0.885988 0.000000 0.000000 0.000000 0.005604 0.999984
263.650000000 -0.088913 0.886018 0.000000 0.000000 0.000000 0.005627 0.999984
263.700000000 -0.088772 0.885828 0.000000 0.000000 0.000000 0.005555 0.999985
263.750000000 -0.088739 0.885849 0.000000 0.000000 0.000000 0.005565 0.999985
263.800000000 -0.088770 0.885958 0.000000 0.000000 0.000000 0.005638 0.999984
263.850000000 -0.088766 0.886069 0.000000 0.000000 0.000000 0.005638 0.999984
263.900000000 -0.088714 0.886110 0.000000 0.000000 0.000000 0.005622 0.999984
263.950000000 -0.088672 0.886164 0.000000 0.000000 0.000000 0.005644 0.999984
264.000000000 -0.088625 0.886193 0.000000 0.000000 0.000000 0.005645 0.999984
264.050000000 -0.088586 0.886196 0.000000 0.000000 0.000000 0.005644 0.999984
264.100000000 -0.088552 0.886184 0.000000 0.000000 0.000000 0.005645 0.999984
264.150000000 -0.088533 0.886164 0.000000 0.000000 0.000000 0.005644 0.999984
264.200000000 -0.088514 0.886185 0.000000 0.000000 0.000000 0.005651 0.999984
264.250000000 -0.088510 0.886162 0.000000 0.000000 0.000000 0.005644 0.999984
264.300000000 -0.088518 0.886143 0.000000 0.000000 0.000000 0.005643 0.999984
264.350000000 -0.088569 0.886137 0.000000 0.000000 0.000000 0.005663 0.999984
264.400000000 -0.088579 0.886133 0.000000 0.000000 0.000000 0.005644 0.999984
264.450000000 -0.088591 0.886131 0.000000 0.000000 0.000000 0.005644 0.999984
264.500000000 -0.088599 0.886134 0.000000 0.000000 0.000000 0.005644 0.999984
264.550000000 -0.088604 0.886137 0.000000 0.000000 0.000000 0.005644 0.999984
264.600000000 -0.088608 0.886144 0.000000 0.000000 0.000000 0.005644 0.999984
264.650000000 -0.088609 0.886148 0.000000 0.000000 0.000000 0.005645 0.999984
264.700000000 -0.088609 0.886152 0.000000 0.000000 0.000000 0.005644 0.999984
264.750000000 -0.088609 0.886153 0.000000 0.000000 0.000000 0.005645 0.999984
264.800000000 -0.088607 0.886155 0.000000 0.000000 0.000000 0.005645 0.999984
264.850000000 -0.088605 0.886154 0.000000 0.000000 0.000000 0.005645 0.999984
264.900000000 -0.088603 0.886154 0.000000 0.000000 0.000000 0.005645 0.999984
264.950000000 -0.088602 0.886153 0.000000 0.000000 0.000000 0.005644 0.999984
265.000000000 -0.088602 0.886153 0.000000 0.000000 0.000000 0.005644 0.999984
265.050000000 -0.088601 0.886152 0.000000 0.000000 0.000000 0.005644 0.999984
265.100000000 -0.088600 0.886151 0.000000 0.000000 0.000000 0.005644 0.999984
265.150000000 -0.088600 0.886150 0.000000 0.000000 0.000000 0.005644 0.999984
265.200000000 -0.088600 0.886150 0.000000 0.000000 0.000000 0.005644 0.999984
265.250000000 -0.088600 0.886150 0.000000 0.000000 0.000000 0.005644 0.999984
265.300000000 -0.088600 0.886150 0.000000 0.000000 0.000000 0.005644 0.999984
265.350000000 -0.088601 0.886150 0.000000 0.000000 0.000000 0.005644 0.999984
265.400000000 -0.088601 0.886150 0.000000 0.000000 0.000000 0.005644 0.999984
265.450000000 -0.088601 0.886150 0.000000 0.000000 0.000000 0.005644 0.999984
265.500000000 -0.088601 0.886150 0.000000 0.000000 0.000000 0.005644 0.999984
265.550000000 -0.088601 0.886150 0.000000 0.000000 0.000000 0.005644 0.999984
265.600000000 -0.088601 0.886150 0.000000 0.000000 0.000000 0.005644 0.999984
265.650000000 -0.088601 0.886150 0.000000 0.000000 0.000000 0.005644 0.999984
265.700000000 -0.088601 0.886150 0.000000 0.000000 0.000000 0.005644 0.999984
265.750000000 -0.088601 0.886150 0.000000 0.000000 0.000000 0.005644 0.999984
265.800000000 -0.088601 0.886150 0.000000 0.000000 0.000000 0.005644 0.999984
265.850000000 -0.088601 0.886150 0.000000 0.000000 0.000000 0.005644 0.999984
265.900000000 -0.088601 0.886150 0.000000 0.000000 0.000000 0.005644 0.999984
265.950000000 -0.088601 0.886150 0.000000 0.000000 0.000000 0.005644 0.999984
266.000000000 -0.088601 0.886150 0.000000 0.000000 0.000000 0.005644 0.999984
266.050000000 -0.088601 0.886150 0.000000 0.000000 0.000000 0.005644 0.999984
266.100000000 -0.088601 0.886150 0.000000 0.000000 0.000000 0.005644 0.999984
266.150000000 -0.088601 0.886150 0.000000 0.000000 0.000000 0.005644 0.999984
266.200000000 -0.088601 0.886150 0.000000 0.000000 0.000000 0.005644 0.999984
266.250000000 -0.088601 0.886150 0.000000 0.000000 0.000000 0.005644 0.999984
266.300000000 -0.088601 0.886150 0.000000 0.000000 0.000000 0.005644 0.999984
266.350000000 -0.088601 0.886150 0.000000 0.000000 0.000000 0.005644 0.999984
266.400000000 -0.088601 0.886150 0.000000 0.000000 0.000000 0.005644 0.999984
